"16.03.2012";"16:54:26";0,068;25,140;28,080;51,220;0,072;25,140;25,920;29,040;0,067;26,280;28,520;32,760
"16.03.2012";"16:59:26";0,073;29,480;37,020;89,240;0,076;28,360;32,060;51,100;0,077;31,480;37,100;54,440
"16.03.2012";"17:04:26";0,061;33,860;44,040;110,080;0,068;31,280;37,980;71,440;0,070;36,060;43,940;69,940
"16.03.2012";"17:09:26";0,060;39,160;51,640;126,400;0,067;34,920;44,480;85,140;0,068;41,220;51,400;82,240
"16.03.2012";"17:14:26";0,059;44,220;58,360;135,180;0,060;38,960;50,620;84,180;0,067;46,420;58,240;86,020
"16.03.2012";"17:19:26";0,054;49,180;64,800;135,120;0,062;42,660;55,960;86,640;0,069;51,180;63,280;86,420
"16.03.2012";"17:24:26";0,054;53,980;70,180;135,080;0,064;46,600;61,020;90,000;0,070;55,820;67,940;89,180
"16.03.2012";"17:29:25";0,052;57,620;74,740;135,100;0,058;50,520;65,580;90,800;0,068;60,440;72,400;90,600
"16.03.2012";"17:33:26";0,055;61,000;77,840;135,080;0,064;53,400;68,680;90,900;0,068;63,660;75,380;91,200
"16.03.2012";"17:38:26";0,056;65,180;81,440;135,040;0,060;56,960;72,140;90,900;0,071;67,340;78,600;91,280
"16.03.2012";"17:42:26";0,050;68,800;84,340;134,980;0,061;60,100;75,220;90,880;0,070;70,560;81,220;91,480
"16.03.2012";"17:47:26";0,052;71,960;86,800;134,960;0,061;62,940;77,860;90,620;0,069;73,400;83,720;91,740
"16.03.2012";"17:52:26";0,051;75,300;89,260;134,920;0,058;65,820;80,540;90,380;0,072;76,220;86,220;92,260
"16.03.2012";"17:57:26";0,052;78,180;91,480;124,780;0,060;68,580;82,940;90,540;0,073;79,000;88,220;93,400
"16.03.2012";"18:02:26";0,051;80,580;91,420;108,900;0,059;71,360;84,540;90,940;0,071;81,440;89,500;94,240
"16.03.2012";"18:07:26";0,052;82,440;90,880;99,760;0,061;73,700;86,200;91,420;0,069;83,380;89,740;94,560
"16.03.2012";"18:12:26";0,052;84,020;90,600;94,780;0,062;75,880;87,360;91,760;0,069;84,960;89,800;95,340
"16.03.2012";"18:17:25";0,051;85,160;90,400;91,600;0,061;77,800;88,400;92,120;0,074;86,260;89,860;95,160
"16.03.2012";"18:22:25";0,052;86,100;90,320;89,980;0,062;79,500;89,180;92,660;0,073;87,320;90,060;95,240
"16.03.2012";"18:27:25";0,052;87,060;90,520;90,000;0,058;81,060;89,960;93,080;0,072;88,220;90,340;95,200
"16.03.2012";"18:32:26";0,054;87,740;90,740;89,980;0,061;82,540;90,600;93,560;0,071;89,040;90,680;95,480
"16.03.2012";"18:37:26";0,051;88,420;91,020;90,040;0,060;83,880;91,300;93,940;0,070;89,820;91,080;95,780
"16.03.2012";"18:42:26";0,051;89,180;91,240;89,960;0,060;85,120;91,960;94,500;0,072;90,520;91,460;95,900
"16.03.2012";"18:47:26";0,053;89,700;91,500;90,000;0,060;86,280;92,640;94,940;0,075;91,200;91,800;96,540
"16.03.2012";"18:52:26";0,052;90,320;91,780;90,000;0,060;87,360;93,180;95,460;0,073;91,880;92,220;96,340
"16.03.2012";"18:57:26";0,051;90,840;92,040;90,020;0,059;88,340;93,720;95,860;0,074;92,480;92,680;96,800
"16.03.2012";"19:02:26";0,050;91,460;92,300;90,040;0,061;89,260;94,200;96,380;0,072;93,020;92,960;97,080
"16.03.2012";"19:07:26";0,054;91,880;92,600;90,020;0,061;90,140;94,720;96,780;0,072;93,540;93,340;97,300
"16.03.2012";"19:12:25";0,050;92,300;92,900;89,960;0,057;91,000;95,180;97,200;0,074;94,040;93,680;97,620
"16.03.2012";"19:16:26";0,053;92,660;93,060;90,020;0,060;91,680;95,520;97,500;0,073;94,420;93,960;97,740
"16.03.2012";"19:21:26";0,050;93,040;93,280;90,020;0,058;92,440;95,880;97,880;0,074;94,820;94,240;98,220
"16.03.2012";"19:25:26";0,055;93,440;93,540;89,980;0,061;93,100;96,320;98,180;0,071;95,220;94,560;98,260
"16.03.2012";"19:30:26";0,048;93,800;93,700;89,980;0,057;93,680;96,620;98,500;0,071;95,580;94,840;98,940
"16.03.2012";"19:35:26";0,053;94,120;93,920;89,960;0,058;94,300;97,020;98,920;0,072;95,960;95,140;98,780
"16.03.2012";"19:40:26";0,054;94,420;94,120;90,000;0,058;94,940;97,400;99,380;0,069;96,380;95,460;99,080
"16.03.2012";"19:45:26";0,052;94,740;94,360;90,000;0,060;95,460;97,740;99,600;0,072;96,660;95,700;99,700
"16.03.2012";"19:50:26";0,051;95,020;94,520;90,020;0,057;95,940;98,100;99,840;0,075;97,020;96,020;99,780
"16.03.2012";"19:55:26";0,052;95,300;94,740;90,000;0,056;96,500;98,460;100,240;0,074;97,380;96,260;99,840
"16.03.2012";"20:00:25";0,052;95,560;94,940;89,960;0,058;97,000;98,780;100,720;0,071;97,720;96,520;100,220
"16.03.2012";"20:05:25";0,052;95,780;95,120;90,040;0,057;97,440;99,120;100,940;0,072;98,060;96,820;100,200
"16.03.2012";"20:10:25";0,053;95,700;95,300;89,980;0,057;97,840;99,400;101,220;0,069;98,320;97,060;100,720
"16.03.2012";"20:15:26";0,055;95,840;95,500;90,040;0,059;98,280;99,740;101,560;0,067;98,680;97,320;100,700
"16.03.2012";"20:20:26";0,052;96,040;95,660;89,980;0,055;98,740;99,960;101,760;0,076;98,840;97,600;101,300
"16.03.2012";"20:25:26";0,050;96,300;95,800;90,020;0,056;99,080;100,240;102,100;0,076;99,180;97,740;101,620
"16.03.2012";"20:30:26";0,052;96,500;95,920;90,020;0,055;99,460;100,540;102,320;0,077;99,460;98,020;101,480
"16.03.2012";"20:35:26";0,052;96,740;96,160;90,060;0,058;99,760;100,760;102,720;0,071;99,640;98,260;101,900
"16.03.2012";"20:40:26";0,050;96,940;96,300;90,200;0,055;100,100;101,040;102,860;0,077;99,900;98,440;101,760
"16.03.2012";"20:45:26";0,054;97,180;96,400;90,360;0,059;100,500;101,300;102,980;0,069;100,200;98,700;102,100
"16.03.2012";"20:50:26";0,053;97,340;96,600;90,520;0,057;100,800;101,480;103,260;0,066;100,360;98,840;102,400
"16.03.2012";"20:55:25";0,053;97,520;96,760;90,600;0,058;101,060;101,740;103,560;0,069;100,740;99,200;102,440
"16.03.2012";"20:59:26";0,056;97,660;96,920;90,780;0,059;101,320;101,900;103,640;0,069;100,820;99,320;102,980
"16.03.2012";"21:04:26";0,051;97,860;97,080;90,860;0,055;101,600;102,160;104,040;0,068;101,080;99,500;102,880
"16.03.2012";"21:08:26";0,054;98,020;97,240;91,120;0,057;101,780;102,360;104,180;0,072;101,260;99,680;103,120
"16.03.2012";"21:13:26";0,053;98,120;97,380;91,200;0,059;102,080;102,540;104,340;0,070;101,420;99,820;103,500
"16.03.2012";"21:18:26";0,052;98,360;97,560;91,420;0,056;102,360;102,740;104,540;0,073;101,660;100,080;103,320
"16.03.2012";"21:23:26";0,054;98,500;97,700;91,560;0,058;102,640;102,980;104,860;0,071;101,780;100,280;104,000
"16.03.2012";"21:28:26";0,053;98,700;97,900;91,720;0,057;102,840;103,200;105,000;0,072;101,940;100,440;103,920
"16.03.2012";"21:33:26";0,053;98,860;98,060;91,880;0,057;103,100;103,440;105,280;0,072;102,260;100,700;104,060
"16.03.2012";"21:38:26";0,053;99,140;98,220;92,060;0,057;103,340;103,640;105,480;0,073;102,500;100,900;104,480
"16.03.2012";"21:43:25";0,051;99,320;98,400;92,220;0,054;103,620;103,840;105,700;0,076;102,780;101,100;104,340
"16.03.2012";"21:48:25";0,050;99,460;98,560;92,440;0,057;103,840;104,100;105,860;0,070;102,860;101,280;104,800
"16.03.2012";"21:53:25";0,051;99,560;98,760;92,580;0,056;104,020;104,260;106,060;0,074;102,960;101,500;105,100
"16.03.2012";"21:58:26";0,053;99,740;98,880;92,720;0,054;104,300;104,500;106,360;0,075;103,260;101,680;105,160
"16.03.2012";"22:03:26";0,055;99,920;99,120;92,900;0,059;104,520;104,740;106,560;0,070;103,560;101,920;105,180
"16.03.2012";"22:08:26";0,053;100,080;99,260;93,080;0,059;104,780;104,920;106,820;0,072;103,700;102,080;105,540
"16.03.2012";"22:13:26";0,054;100,260;99,440;93,240;0,057;105,000;105,140;106,940;0,072;103,840;102,240;105,760
"16.03.2012";"22:18:26";0,056;100,440;99,580;93,380;0,058;105,220;105,320;107,020;0,072;104,000;102,380;106,020
"16.03.2012";"22:23:26";0,054;100,640;99,700;93,640;0,056;105,420;105,520;107,340;0,073;104,220;102,600;106,240
"16.03.2012";"22:28:26";0,052;100,760;99,860;93,760;0,056;105,620;105,700;107,580;0,073;104,460;102,740;106,200
"16.03.2012";"22:33:26";0,054;100,860;99,940;93,860;0,058;105,780;105,940;107,700;0,070;104,680;103,100;106,380
"16.03.2012";"22:38:25";0,052;101,080;100,180;94,000;0,055;106,020;106,020;107,840;0,072;104,900;103,180;106,680
"16.03.2012";"22:42:26";0,053;101,240;100,320;94,180;0,056;106,200;106,240;108,080;0,071;105,100;103,360;106,640
"16.03.2012";"22:47:26";0,053;101,380;100,440;94,300;0,057;106,360;106,380;108,140;0,069;105,240;103,600;106,920
"16.03.2012";"22:51:26";0,052;101,460;100,520;94,440;0,055;106,560;106,600;108,380;0,074;105,400;103,740;107,220
"16.03.2012";"22:56:26";0,055;101,620;100,700;94,580;0,057;106,700;106,720;108,600;0,070;105,560;103,840;107,180
"16.03.2012";"23:01:26";0,052;101,780;100,880;94,720;0,058;106,860;106,880;108,740;0,071;105,720;104,060;107,380
"16.03.2012";"23:06:26";0,055;101,960;101,020;94,880;0,055;107,080;107,080;108,940;0,069;105,920;104,260;107,480
"16.03.2012";"23:11:26";0,054;102,080;101,080;95,020;0,056;107,220;107,200;109,040;0,066;106,080;104,380;107,740
"16.03.2012";"23:16:26";0,054;102,280;101,240;95,100;0,055;107,400;107,400;109,240;0,072;106,240;104,620;107,720
"16.03.2012";"23:21:26";0,053;102,400;101,440;95,320;0,058;107,600;107,560;109,320;0,071;106,380;104,720;108,040
"16.03.2012";"23:26:25";0,052;102,600;101,520;95,420;0,057;107,760;107,700;109,480;0,070;106,580;104,940;108,280
"16.03.2012";"23:31:25";0,055;102,760;101,700;95,560;0,056;107,940;107,860;109,720;0,069;106,760;105,120;108,280
"16.03.2012";"23:36:25";0,051;102,900;101,840;95,660;0,057;108,120;108,020;110,000;0,074;106,920;105,240;108,540
"16.03.2012";"23:41:26";0,050;103,060;101,960;95,800;0,056;108,320;108,200;110,040;0,073;107,020;105,400;108,720
"16.03.2012";"23:46:26";0,056;103,200;102,140;95,900;0,057;108,460;108,380;110,200;0,069;107,220;105,540;108,800
"16.03.2012";"23:51:26";0,053;103,300;102,300;96,120;0,057;108,580;108,500;110,460;0,072;107,340;105,660;108,940
"16.03.2012";"23:56:26";0,057;103,440;102,440;96,200;0,056;108,780;108,640;110,640;0,065;107,540;105,920;108,920
"17.03.2012";"00:01:26";0,054;103,660;102,560;96,360;0,059;108,960;108,800;110,740;0,068;107,660;105,980;109,140
"17.03.2012";"00:06:26";0,054;103,720;102,700;96,460;0,054;109,120;108,960;110,920;0,070;107,780;106,120;109,500
"17.03.2012";"00:11:26";0,054;103,900;102,860;96,600;0,058;109,240;109,120;111,080;0,067;107,860;106,280;109,480
"17.03.2012";"00:16:26";0,053;104,020;102,960;96,680;0,055;109,360;109,220;111,220;0,071;108,040;106,460;109,740
"17.03.2012";"00:21:25";0,054;104,200;103,100;96,880;0,056;109,560;109,380;111,300;0,072;108,200;106,560;109,780
"17.03.2012";"00:25:26";0,055;104,300;103,280;96,940;0,058;109,680;109,500;111,580;0,067;108,340;106,700;109,860
"17.03.2012";"00:30:26";0,054;104,480;103,360;97,040;0,056;109,840;109,680;111,660;0,069;108,500;106,820;110,080
"17.03.2012";"00:34:26";0,053;104,640;103,500;97,200;0,055;109,980;109,780;111,920;0,070;108,660;106,940;110,220
"17.03.2012";"00:39:26";0,055;104,740;103,680;97,260;0,057;110,080;109,940;111,960;0,068;108,780;107,100;110,220
"17.03.2012";"00:44:26";0,052;104,880;103,800;97,420;0,055;110,240;110,060;112,240;0,073;108,940;107,220;110,320
"17.03.2012";"00:49:26";0,056;105,020;103,920;97,520;0,059;110,360;110,200;112,340;0,069;109,020;107,340;110,520
"17.03.2012";"00:54:26";0,054;105,220;104,100;97,600;0,055;110,540;110,380;112,500;0,070;109,160;107,440;110,720
"17.03.2012";"00:59:26";0,055;105,240;104,200;97,760;0,056;110,660;110,480;112,580;0,069;109,240;107,600;110,820
"17.03.2012";"01:04:26";0,055;105,420;104,320;97,880;0,058;110,820;110,620;112,840;0,071;109,380;107,660;111,060
"17.03.2012";"01:09:25";0,055;105,580;104,480;97,940;0,056;110,960;110,720;112,940;0,072;109,520;107,840;111,120
"17.03.2012";"01:14:25";0,054;105,640;104,580;98,060;0,057;111,080;110,900;113,120;0,072;109,660;107,920;111,220
"17.03.2012";"01:19:25";0,055;105,880;104,720;98,240;0,058;111,200;111,000;113,320;0,066;109,720;108,060;111,320
"17.03.2012";"01:24:26";0,054;105,980;104,840;98,260;0,057;111,360;111,200;113,380;0,069;109,900;108,160;111,480
"17.03.2012";"01:29:26";0,051;106,080;105,000;98,360;0,056;111,480;111,320;113,460;0,074;110,040;108,340;111,500
"17.03.2012";"01:34:26";0,055;106,200;105,080;98,560;0,056;111,640;111,460;113,700;0,072;110,200;108,440;111,780
"17.03.2012";"01:39:26";0,054;106,340;105,180;98,580;0,055;111,780;111,640;113,840;0,071;110,300;108,600;111,780
"17.03.2012";"01:44:26";0,053;106,420;105,340;98,740;0,055;111,920;111,760;113,960;0,071;110,440;108,680;112,080
"17.03.2012";"01:49:26";0,055;106,500;105,420;98,840;0,055;112,080;111,920;113,980;0,072;110,560;108,820;112,080
"17.03.2012";"01:54:26";0,056;106,660;105,580;98,960;0,053;112,180;112,000;114,260;0,070;110,660;108,920;112,160
"17.03.2012";"01:59:26";0,054;106,760;105,620;99,000;0,054;112,380;112,160;114,300;0,072;110,780;109,060;112,440
"17.03.2012";"02:04:25";0,055;106,860;105,760;99,100;0,055;112,460;112,220;114,320;0,068;110,920;109,240;112,460
"17.03.2012";"02:08:26";0,054;106,960;105,840;99,220;0,055;112,560;112,340;114,400;0,072;110,920;109,380;112,560
"17.03.2012";"02:13:26";0,055;107,100;105,940;99,340;0,055;112,680;112,500;114,680;0,069;111,040;109,500;112,720
"17.03.2012";"02:17:26";0,053;107,200;106,060;99,480;0,053;112,900;112,700;114,740;0,074;111,120;109,620;112,900
"17.03.2012";"02:22:26";0,056;107,280;106,180;99,520;0,057;112,920;112,720;114,880;0,070;111,220;109,760;112,920
"17.03.2012";"02:27:26";0,053;107,380;106,260;99,580;0,057;113,020;112,900;115,060;0,069;111,320;109,800;113,080
"17.03.2012";"02:32:26";0,055;107,460;106,340;99,700;0,056;113,160;112,980;115,040;0,071;111,440;109,980;113,160
"17.03.2012";"02:37:26";0,056;107,600;106,500;99,800;0,056;113,260;113,020;115,200;0,069;111,520;110,080;113,300
"17.03.2012";"02:42:26";0,053;107,760;106,580;99,900;0,057;113,400;113,220;115,260;0,069;111,640;110,220;113,400
"17.03.2012";"02:47:26";0,053;107,900;106,640;99,980;0,057;113,540;113,340;115,580;0,068;111,780;110,300;113,540
"17.03.2012";"02:52:25";0,053;107,960;106,820;100,120;0,053;113,640;113,400;115,660;0,073;111,900;110,360;113,680
"17.03.2012";"02:57:25";0,055;108,040;106,900;100,180;0,057;113,760;113,560;115,900;0,069;111,980;110,600;113,720
"17.03.2012";"03:02:25";0,055;108,080;106,980;100,260;0,057;113,900;113,720;116,000;0,071;112,120;110,640;113,900
"17.03.2012";"03:07:26";0,054;108,240;107,100;100,400;0,056;114,060;113,780;116,040;0,067;112,240;110,780;113,980
"17.03.2012";"03:12:26";0,055;108,400;107,220;100,420;0,058;114,180;113,860;116,120;0,066;112,380;110,900;114,000
"17.03.2012";"03:17:26";0,053;108,440;107,260;100,520;0,056;114,280;114,000;116,220;0,068;112,520;110,980;114,180
"17.03.2012";"03:22:26";0,052;108,560;107,400;100,660;0,055;114,340;114,120;116,440;0,070;112,600;111,000;114,320
"17.03.2012";"03:27:26";0,052;108,700;107,460;100,760;0,056;114,480;114,220;116,520;0,070;112,700;111,160;114,240
"17.03.2012";"03:32:26";0,053;108,780;107,540;100,820;0,056;114,620;114,320;116,580;0,070;112,860;111,360;114,420
"17.03.2012";"03:37:26";0,053;108,840;107,640;100,920;0,056;114,700;114,440;116,680;0,071;112,840;111,360;114,640
"17.03.2012";"03:42:26";0,056;109,000;107,700;101,000;0,057;114,840;114,560;116,860;0,070;112,740;111,460;114,680
"17.03.2012";"03:47:25";0,053;109,060;107,840;101,080;0,052;114,920;114,620;117,020;0,072;112,880;111,580;114,820
"17.03.2012";"03:51:26";0,054;109,120;107,880;101,060;0,056;115,020;114,760;117,100;0,069;112,880;111,680;114,820
"17.03.2012";"03:56:26";0,054;109,220;108,020;101,180;0,055;115,100;114,860;117,180;0,071;112,980;111,760;114,920
"17.03.2012";"04:00:26";0,053;109,300;108,100;101,260;0,056;115,200;114,900;117,240;0,068;113,060;111,900;114,940
"17.03.2012";"04:05:26";0,054;109,420;108,100;101,340;0,055;115,300;115,020;117,280;0,066;113,160;111,960;114,980
"17.03.2012";"04:10:26";0,053;109,460;108,220;101,380;0,056;115,460;115,120;117,320;0,070;113,260;112,040;115,080
"17.03.2012";"04:15:26";0,054;109,640;108,280;101,440;0,056;115,520;115,240;117,500;0,067;113,320;112,180;115,180
"17.03.2012";"04:20:26";0,053;109,640;108,400;101,500;0,057;115,640;115,320;117,660;0,070;113,400;112,200;115,200
"17.03.2012";"04:25:26";0,053;109,700;108,420;101,600;0,056;115,660;115,340;117,680;0,066;113,500;112,400;115,340
"17.03.2012";"04:30:26";0,053;109,780;108,500;101,700;0,057;115,840;115,520;117,880;0,068;113,600;112,400;115,340
"17.03.2012";"04:35:25";0,054;109,880;108,540;101,740;0,056;115,900;115,560;117,920;0,066;113,660;112,540;115,480
"17.03.2012";"04:40:25";0,055;110,020;108,680;101,820;0,057;115,980;115,700;117,980;0,068;113,680;112,560;115,640
"17.03.2012";"04:45:25";0,052;110,060;108,720;101,880;0,054;116,120;115,760;118,000;0,068;113,860;112,680;115,640
"17.03.2012";"04:50:26";0,055;110,120;108,800;101,940;0,054;116,180;115,860;118,280;0,069;113,940;112,800;115,740
"17.03.2012";"04:55:26";0,053;110,260;108,880;102,060;0,055;116,320;115,960;118,300;0,069;113,980;112,800;115,760
"17.03.2012";"05:00:26";0,053;110,340;109,000;102,100;0,055;116,400;116,000;118,300;0,070;114,040;112,960;115,840
"17.03.2012";"05:05:26";0,053;110,400;109,080;102,220;0,055;116,480;116,120;118,380;0,070;114,120;112,960;115,980
"17.03.2012";"05:10:26";0,052;110,540;109,140;102,200;0,054;116,600;116,180;118,380;0,070;114,200;113,040;116,040
"17.03.2012";"05:15:26";0,053;110,620;109,220;102,360;0,055;116,700;116,260;118,680;0,069;114,320;113,080;116,120
"17.03.2012";"05:20:26";0,054;110,680;109,260;102,380;0,056;116,760;116,380;118,700;0,071;114,380;113,280;116,180
"17.03.2012";"05:25:26";0,053;110,740;109,400;102,460;0,055;116,820;116,440;118,720;0,067;114,460;113,320;116,180
"17.03.2012";"05:30:25";0,053;110,840;109,440;102,500;0,056;116,900;116,480;118,860;0,068;114,540;113,380;116,300
"17.03.2012";"05:34:26";0,052;110,900;109,500;102,620;0,054;116,960;116,560;118,940;0,070;114,600;113,440;116,360
"17.03.2012";"05:39:26";0,053;111,020;109,540;102,700;0,055;117,060;116,680;119,080;0,068;114,660;113,500;116,420
"17.03.2012";"05:43:26";0,056;111,080;109,680;102,640;0,058;117,180;116,780;119,240;0,068;114,760;113,600;116,400
"17.03.2012";"05:48:26";0,053;111,140;109,680;102,840;0,056;117,240;116,800;119,220;0,068;114,820;113,620;116,460
"17.03.2012";"05:53:26";0,055;111,240;109,780;102,880;0,056;117,340;116,840;119,240;0,069;114,840;113,700;116,540
"17.03.2012";"05:58:26";0,053;111,340;109,820;102,920;0,057;117,420;116,920;119,240;0,069;114,940;113,780;116,640
"17.03.2012";"06:03:26";0,056;111,420;109,920;102,960;0,055;117,500;117,000;119,320;0,066;114,960;113,900;116,720
"17.03.2012";"06:08:26";0,054;111,440;110,020;103,060;0,054;117,560;117,100;119,560;0,069;115,060;113,940;116,740
"17.03.2012";"06:13:26";0,054;111,480;110,060;103,060;0,056;117,600;117,140;119,580;0,068;115,200;113,960;116,820
"17.03.2012";"06:18:25";0,055;111,520;110,140;103,180;0,056;117,740;117,220;119,680;0,069;115,200;114,040;116,900
"17.03.2012";"06:23:25";0,054;111,660;110,140;103,280;0,054;117,780;117,320;119,700;0,067;115,320;114,180;117,000
"17.03.2012";"06:28:25";0,052;111,720;110,260;103,300;0,055;117,960;117,360;119,720;0,069;115,360;114,240;117,020
"17.03.2012";"06:33:26";0,052;111,800;110,300;103,380;0,055;118,000;117,480;119,820;0,068;115,420;114,300;117,140
"17.03.2012";"06:38:26";0,053;111,940;110,380;103,420;0,053;118,060;117,600;120,020;0,071;115,540;114,360;117,160
"17.03.2012";"06:43:26";0,052;111,960;110,440;103,440;0,054;118,100;117,620;120,040;0,070;115,560;114,420;117,180
"17.03.2012";"06:48:26";0,054;112,000;110,440;103,560;0,054;118,220;117,720;120,120;0,069;115,620;114,500;117,260
"17.03.2012";"06:53:26";0,054;112,120;110,520;103,600;0,055;118,300;117,760;120,300;0,070;115,740;114,540;117,320
"17.03.2012";"06:58:26";0,055;112,120;110,600;103,620;0,054;118,340;117,800;120,160;0,066;115,780;114,680;117,400
"17.03.2012";"07:03:26";0,053;112,240;110,620;103,740;0,055;118,380;117,920;120,380;0,069;115,800;114,720;117,460
"17.03.2012";"07:08:26";0,052;112,320;110,720;103,780;0,053;118,480;117,980;120,420;0,068;115,900;114,800;117,540
"17.03.2012";"07:13:25";0,052;112,340;110,720;103,840;0,054;118,600;118,020;120,380;0,069;115,980;114,780;117,500
"17.03.2012";"07:17:26";0,056;112,400;110,820;103,900;0,053;118,640;118,080;120,280;0,070;116,060;114,880;117,600
"17.03.2012";"07:22:26";0,055;112,460;110,900;103,920;0,054;118,700;118,160;120,440;0,072;116,120;114,920;117,720
"17.03.2012";"07:26:26";0,056;112,480;110,960;103,980;0,055;118,700;118,240;120,640;0,068;116,120;114,960;117,740
"17.03.2012";"07:31:26";0,054;112,580;110,940;104,020;0,055;118,800;118,320;120,740;0,069;116,200;115,000;117,820
"17.03.2012";"07:36:26";0,054;112,680;110,980;104,100;0,055;118,860;118,340;120,680;0,069;116,240;115,100;117,800
"17.03.2012";"07:41:26";0,053;112,740;111,060;104,180;0,057;118,900;118,380;120,620;0,069;116,340;115,220;118,000
"17.03.2012";"07:46:26";0,055;112,800;111,120;104,220;0,055;118,980;118,340;120,740;0,066;116,440;115,260;117,960
"17.03.2012";"07:51:26";0,052;112,840;111,140;104,260;0,055;119,080;118,420;120,900;0,070;116,460;115,240;118,080
"17.03.2012";"07:56:26";0,054;112,880;111,220;104,280;0,056;119,100;118,500;120,900;0,070;116,540;115,340;118,060
"17.03.2012";"08:01:25";0,053;112,920;111,320;104,340;0,057;119,160;118,580;120,980;0,069;116,600;115,460;118,100
"17.03.2012";"08:06:25";0,053;112,980;111,340;104,420;0,056;119,220;118,640;121,040;0,069;116,640;115,520;118,240
"17.03.2012";"08:11:25";0,054;113,040;111,400;104,460;0,055;119,340;118,680;121,080;0,070;116,760;115,560;118,340
"17.03.2012";"08:16:26";0,055;113,000;111,420;104,540;0,055;119,360;118,720;121,100;0,071;116,740;115,580;118,300
"17.03.2012";"08:21:26";0,053;113,140;111,540;104,520;0,054;119,440;118,760;121,200;0,070;116,840;115,680;118,340
"17.03.2012";"08:26:26";0,055;113,180;111,560;104,620;0,056;119,580;118,820;121,140;0,070;116,860;115,740;118,460
"17.03.2012";"08:31:26";0,054;113,240;111,660;104,700;0,055;119,560;118,900;121,260;0,072;116,920;115,820;118,480
"17.03.2012";"08:36:26";0,056;113,300;111,720;104,720;0,055;119,640;118,960;121,240;0,071;116,920;115,860;118,600
"17.03.2012";"08:41:26";0,054;113,360;111,740;104,780;0,055;119,700;119,020;121,240;0,068;117,080;115,920;118,640
"17.03.2012";"08:46:26";0,056;113,420;111,820;104,800;0,057;119,720;119,060;121,520;0,067;117,120;115,900;118,680
"17.03.2012";"08:51:26";0,056;113,460;111,880;104,820;0,057;119,780;119,140;121,480;0,069;117,180;116,000;118,720
"17.03.2012";"08:56:25";0,053;113,380;111,920;104,920;0,057;119,880;119,120;121,600;0,066;117,220;116,060;118,760
"17.03.2012";"09:00:26";0,054;113,460;111,960;105,020;0,055;119,900;119,200;121,720;0,071;117,260;116,120;118,820
"17.03.2012";"09:05:26";0,053;113,520;112,000;105,020;0,054;120,000;119,220;121,700;0,072;117,320;116,120;118,880
"17.03.2012";"09:09:26";0,054;113,520;112,000;105,040;0,057;120,000;119,240;121,660;0,069;117,340;116,180;118,880
"17.03.2012";"09:14:26";0,056;113,600;112,040;105,140;0,055;120,080;119,280;121,700;0,070;117,420;116,280;118,980
"17.03.2012";"09:19:26";0,053;113,640;112,140;105,140;0,057;120,080;119,380;121,700;0,069;117,460;116,360;119,140
"17.03.2012";"09:24:26";0,055;113,700;112,200;105,240;0,057;120,140;119,440;121,820;0,072;117,520;116,380;119,100
"17.03.2012";"09:29:26";0,054;113,780;112,220;105,280;0,054;120,220;119,480;121,860;0,074;117,500;116,400;119,120
"17.03.2012";"09:34:26";0,055;113,780;112,300;105,320;0,054;120,260;119,540;122,020;0,069;117,580;116,500;119,240
"17.03.2012";"09:39:26";0,054;113,860;112,380;105,340;0,057;120,360;119,600;121,940;0,068;117,680;116,520;119,300
"17.03.2012";"09:44:25";0,055;113,860;112,400;105,380;0,055;120,420;119,620;121,940;0,069;117,740;116,700;119,380
"17.03.2012";"09:49:25";0,055;113,940;112,440;105,460;0,054;120,400;119,700;122,040;0,072;117,780;116,620;119,500
"17.03.2012";"09:54:25";0,054;113,940;112,440;105,520;0,056;120,520;119,680;122,140;0,070;117,820;116,780;119,540
"17.03.2012";"09:59:26";0,056;113,980;112,500;105,580;0,055;120,460;119,720;122,240;0,070;117,840;116,760;119,520
"17.03.2012";"10:04:26";0,056;114,000;112,600;105,620;0,057;120,560;119,760;122,260;0,073;117,940;116,820;119,580
"17.03.2012";"10:09:26";0,056;114,060;112,560;105,660;0,055;120,620;119,860;122,180;0,070;118,040;116,880;119,660
"17.03.2012";"10:14:26";0,055;114,100;112,660;105,700;0,056;120,660;119,900;122,440;0,070;118,020;116,860;119,640
"17.03.2012";"10:19:26";0,057;114,160;112,700;105,700;0,055;120,720;119,960;122,440;0,070;118,080;116,860;119,740
"17.03.2012";"10:24:26";0,052;114,200;112,760;105,780;0,054;120,780;119,980;122,420;0,071;118,100;116,960;119,740
"17.03.2012";"10:29:26";0,053;114,200;112,780;105,780;0,055;120,800;120,040;122,500;0,070;118,180;117,060;119,800
"17.03.2012";"10:34:26";0,053;114,280;112,800;105,840;0,054;120,840;120,100;122,320;0,071;118,220;117,080;119,820
"17.03.2012";"10:39:25";0,054;114,080;112,880;105,920;0,053;120,900;120,100;122,460;0,071;118,280;117,080;119,900
"17.03.2012";"10:43:26";0,058;114,020;112,900;105,920;0,056;120,960;120,160;122,540;0,071;118,300;117,120;119,960
"17.03.2012";"10:48:26";0,055;114,140;112,940;105,980;0,056;121,000;120,160;122,740;0,073;118,360;117,180;120,020
"17.03.2012";"10:52:26";0,053;114,200;112,940;105,960;0,055;121,040;120,200;122,600;0,068;118,400;117,220;120,080
"17.03.2012";"10:57:26";0,055;114,200;112,980;106,020;0,057;121,000;120,240;122,540;0,070;118,380;117,220;120,080
"17.03.2012";"11:02:26";0,054;114,260;113,000;106,060;0,055;121,120;120,260;122,680;0,071;118,440;117,240;120,120
"17.03.2012";"11:07:26";0,056;114,240;113,040;106,080;0,055;121,100;120,280;122,800;0,073;118,480;117,300;120,140
"17.03.2012";"11:12:26";0,056;114,320;113,100;106,140;0,056;121,180;120,320;122,740;0,073;118,560;117,360;120,160
"17.03.2012";"11:17:26";0,054;114,340;113,080;106,120;0,057;121,200;120,400;122,620;0,067;118,600;117,420;120,200
"17.03.2012";"11:22:26";0,053;114,500;113,160;106,200;0,056;121,260;120,380;122,760;0,071;118,640;117,480;120,240
"17.03.2012";"11:27:25";0,054;114,520;113,240;106,180;0,055;121,300;120,400;122,820;0,072;118,660;117,460;120,340
"17.03.2012";"11:32:25";0,053;114,580;113,260;106,120;0,053;122,640;120,740;121,420;0,071;118,700;117,540;120,340
"17.03.2012";"11:37:25";0,055;114,620;113,300;106,040;0,053;123,280;120,900;120,080;0,069;118,780;117,520;120,380
"17.03.2012";"11:42:26";0,056;114,600;113,340;106,000;0,054;123,480;120,860;118,980;0,073;118,760;117,560;120,400
"17.03.2012";"11:47:26";0,054;114,660;113,340;105,960;0,051;123,620;121,000;118,120;0,072;118,900;117,640;120,440
"17.03.2012";"11:52:26";0,056;114,720;113,320;106,000;0,050;123,780;121,040;117,480;0,070;118,840;117,640;120,440
"17.03.2012";"11:57:26";0,054;114,720;113,300;106,000;0,050;123,840;121,020;116,940;0,072;118,880;117,600;120,420
"17.03.2012";"12:02:26";0,055;114,760;113,380;106,000;0,052;123,900;121,080;116,460;0,071;118,920;117,680;120,380
"17.03.2012";"12:07:26";0,053;114,900;113,400;105,940;0,049;124,020;121,060;116,040;0,071;118,960;117,680;120,440
"17.03.2012";"12:12:26";0,053;114,840;113,380;105,940;0,051;124,080;121,140;115,700;0,070;119,020;117,660;120,380
"17.03.2012";"12:17:26";0,054;114,920;113,380;105,880;0,050;124,180;121,120;115,360;0,070;119,020;117,740;120,280
"17.03.2012";"12:22:25";0,053;114,860;113,380;105,880;0,051;124,240;121,100;115,080;0,067;119,000;117,740;120,340
"17.03.2012";"12:26:26";0,055;114,800;113,380;105,900;0,049;124,400;121,260;114,860;0,070;118,960;117,760;120,320
"17.03.2012";"12:31:26";0,053;114,880;113,400;105,900;0,050;124,420;121,280;114,660;0,069;118,980;117,700;120,340
"17.03.2012";"12:36:26";0,055;114,900;113,420;105,920;0,050;124,560;121,300;114,460;0,070;119,040;117,720;120,360
"17.03.2012";"12:41:26";0,054;114,940;113,420;105,880;0,051;124,600;121,380;114,260;0,073;119,040;117,740;120,260
"17.03.2012";"12:46:25";0,053;114,900;113,400;105,960;0,050;124,740;121,340;114,100;0,071;119,000;117,700;120,260
"17.03.2012";"12:51:25";0,055;114,980;113,360;105,900;0,049;124,740;121,320;113,960;0,074;119,100;117,720;120,240
"17.03.2012";"12:56:25";0,055;115,020;113,360;105,940;0,051;124,760;121,320;113,880;0,070;119,100;117,720;120,240
"17.03.2012";"13:01:26";0,055;115,060;113,440;105,900;0,051;124,840;121,300;113,720;0,072;119,100;117,740;120,180
"17.03.2012";"13:06:26";0,055;115,000;113,400;105,900;0,051;124,860;121,300;113,620;0,071;119,040;117,780;120,180
"17.03.2012";"13:11:26";0,054;115,040;113,400;105,920;0,052;124,880;121,300;113,460;0,073;119,060;117,740;120,160
"17.03.2012";"13:16:26";0,054;115,080;113,420;105,900;0,050;124,940;121,240;113,420;0,072;119,100;117,740;120,140
"17.03.2012";"13:21:26";0,055;115,040;113,420;105,880;0,052;124,960;121,340;113,360;0,071;119,080;117,720;120,140
"17.03.2012";"13:26:26";0,056;115,160;113,400;105,840;0,049;124,880;121,240;113,220;0,072;119,100;117,760;120,140
"17.03.2012";"13:31:26";0,053;115,120;113,400;105,860;0,051;124,900;121,180;113,160;0,072;119,080;117,740;120,120
"17.03.2012";"13:36:26";0,054;115,160;113,380;105,720;0,049;124,920;121,180;113,120;0,070;119,100;117,780;120,100
"17.03.2012";"13:41:26";0,055;115,120;113,400;105,740;0,049;124,940;121,200;113,060;0,072;119,100;117,760;120,080
"17.03.2012";"13:46:25";0,057;115,120;113,360;105,740;0,051;124,980;121,160;113,020;0,073;119,100;117,760;120,100
"17.03.2012";"13:51:25";0,056;115,120;113,400;105,760;0,052;125,060;121,100;112,960;0,070;119,100;117,680;120,120
"17.03.2012";"13:56:26";0,052;115,120;113,400;105,700;0,051;125,040;121,160;112,920;0,073;119,060;117,700;120,000
"17.03.2012";"14:01:26";0,055;115,140;113,380;105,700;0,051;125,120;121,140;112,920;0,072;119,060;117,660;120,000
"17.03.2012";"14:05:26";0,053;115,060;113,360;105,740;0,050;125,040;121,100;112,840;0,074;119,100;117,660;120,000
"17.03.2012";"14:10:25";0,054;115,080;113,360;105,720;0,052;125,080;121,100;112,820;0,070;119,020;117,660;120,020
"17.03.2012";"14:15:25";0,053;115,120;113,360;105,700;0,051;125,120;121,120;112,780;0,074;119,100;117,620;119,920
"17.03.2012";"14:19:26";0,054;115,080;113,360;105,720;0,051;125,200;121,120;112,740;0,074;118,920;117,580;119,940
"17.03.2012";"14:24:26";0,054;115,080;113,320;105,760;0,052;125,200;121,140;112,760;0,075;119,000;117,520;119,900
"17.03.2012";"14:29:25";0,055;115,160;113,380;105,740;0,052;125,240;121,240;112,700;0,073;118,980;117,580;119,920
"17.03.2012";"14:34:25";0,056;115,080;113,320;105,700;0,051;125,300;121,240;112,680;0,073;118,960;117,580;119,840
"17.03.2012";"14:39:25";0,053;115,060;113,320;105,720;0,050;125,340;121,280;112,640;0,074;118,940;117,520;119,860
"17.03.2012";"14:44:26";0,056;115,000;113,300;105,780;0,050;125,340;121,360;112,660;0,071;118,900;117,600;119,900
"17.03.2012";"14:49:26";0,058;115,120;113,300;105,740;0,051;125,400;121,360;112,660;0,070;118,940;117,560;119,880
"17.03.2012";"14:54:26";0,056;115,120;113,320;105,720;0,051;125,460;121,380;112,620;0,073;118,900;117,540;119,900
"17.03.2012";"14:59:26";0,055;115,160;113,340;105,780;0,051;125,440;121,440;112,580;0,071;118,900;117,620;119,860
"17.03.2012";"15:04:26";0,055;115,120;113,360;105,820;0,052;125,460;121,380;112,580;0,073;118,900;117,540;119,860
"17.03.2012";"15:09:26";0,054;115,080;113,360;105,720;0,050;125,460;121,300;112,540;0,073;118,900;117,620;119,820
"17.03.2012";"15:14:26";0,058;115,040;113,300;105,820;0,051;125,440;121,400;112,520;0,073;118,900;117,560;119,860
"17.03.2012";"15:19:26";0,052;114,960;113,340;105,840;0,050;125,500;121,360;112,580;0,070;118,900;117,520;119,900
"17.03.2012";"15:24:26";0,053;114,960;113,340;105,880;0,050;125,560;121,580;112,520;0,073;118,900;117,540;119,800
"17.03.2012";"15:29:25";0,055;114,780;113,380;105,900;0,053;125,600;121,480;112,520;0,075;118,900;117,580;119,760
"17.03.2012";"15:34:25";0,055;114,700;113,400;105,860;0,051;125,720;121,540;112,500;0,072;118,900;117,600;119,800
"17.03.2012";"15:39:26";0,057;114,760;113,380;105,900;0,052;125,680;121,480;112,480;0,076;118,940;117,680;119,780
"17.03.2012";"15:44:26";0,056;114,780;113,360;105,900;0,052;125,700;121,620;112,500;0,075;118,900;117,540;119,740
"17.03.2012";"15:48:26";0,053;114,800;113,360;105,880;0,054;125,700;121,580;112,500;0,072;118,920;117,500;119,840
"17.03.2012";"15:53:25";0,055;114,740;113,360;105,900;0,052;125,780;121,580;112,500;0,073;118,900;117,560;119,800
"17.03.2012";"15:58:25";0,052;114,780;113,360;105,940;0,051;125,900;121,660;112,500;0,074;118,900;117,580;119,780
"17.03.2012";"16:02:26";0,055;114,800;113,320;105,940;0,050;125,980;121,800;112,500;0,074;118,920;117,540;119,760
"17.03.2012";"16:07:26";0,057;114,860;113,300;105,920;0,051;126,000;121,680;112,540;0,072;118,900;117,560;119,720
"17.03.2012";"16:12:25";0,055;114,880;113,380;105,920;0,053;126,160;121,780;112,540;0,071;118,900;117,600;119,760
"17.03.2012";"16:17:25";0,054;114,840;113,340;106,000;0,052;126,160;121,860;112,540;0,072;118,900;117,620;119,700
"17.03.2012";"16:22:25";0,054;114,840;113,420;105,980;0,051;126,140;121,780;112,600;0,076;118,920;117,580;119,880
"17.03.2012";"16:27:26";0,055;114,880;113,420;105,980;0,052;126,220;121,740;112,540;0,072;118,920;117,640;119,800
"17.03.2012";"16:32:26";0,052;114,860;113,400;105,980;0,053;126,300;121,740;112,560;0,071;118,920;117,600;119,760
"17.03.2012";"16:37:26";0,055;114,960;113,440;105,940;0,052;126,360;121,880;112,560;0,075;118,900;117,500;119,780
"17.03.2012";"16:42:26";0,052;114,960;113,360;105,920;0,053;126,440;121,860;112,540;0,070;118,980;117,560;119,700
"17.03.2012";"16:47:26";0,054;114,940;113,340;105,980;0,054;126,480;121,920;112,580;0,071;118,940;117,580;119,760
"17.03.2012";"16:52:26";0,054;115,080;113,400;105,940;0,053;126,400;121,920;112,560;0,068;118,940;117,540;119,840
"17.03.2012";"16:57:26";0,054;114,980;113,400;105,960;0,050;126,440;121,820;112,560;0,072;118,960;117,660;119,740
"17.03.2012";"17:02:26";0,055;114,940;113,380;105,980;0,051;126,380;121,760;112,560;0,075;118,920;117,600;119,800
"17.03.2012";"17:07:26";0,055;115,000;113,380;105,960;0,051;126,280;121,660;112,520;0,071;118,980;117,580;119,760
"17.03.2012";"17:12:25";0,053;115,000;113,400;105,960;0,053;126,200;121,740;112,520;0,074;119,000;117,620;119,720
"17.03.2012";"17:17:25";0,054;115,040;113,400;105,940;0,053;126,220;121,700;112,560;0,073;118,980;117,680;119,780
"17.03.2012";"17:22:26";0,052;114,980;113,380;105,960;0,052;126,360;121,720;112,540;0,074;118,940;117,600;119,780
"17.03.2012";"17:27:26";0,056;114,980;113,400;105,940;0,054;126,400;121,900;112,580;0,073;118,900;117,620;119,700
"17.03.2012";"17:31:26";0,055;114,920;113,360;105,960;0,057;126,460;121,860;112,620;0,075;118,920;117,580;119,740
"17.03.2012";"17:36:25";0,056;115,000;113,380;106,000;0,054;126,500;121,920;112,520;0,073;118,900;117,520;119,740
"17.03.2012";"17:41:25";0,056;114,940;113,360;106,000;0,055;126,540;122,000;112,580;0,075;118,900;117,560;119,700
"17.03.2012";"17:45:26";0,053;115,000;113,400;106,000;0,055;126,560;121,920;112,540;0,074;118,900;117,620;119,700
"17.03.2012";"17:50:26";0,055;115,040;113,400;105,980;0,054;126,540;121,920;112,580;0,074;118,900;117,540;119,740
"17.03.2012";"17:55:25";0,056;114,940;113,380;106,000;0,055;126,580;121,920;112,600;0,074;118,880;117,500;119,720
"17.03.2012";"18:00:25";0,055;114,940;113,360;106,040;0,057;126,700;121,960;112,580;0,073;118,920;117,600;119,660
"17.03.2012";"18:05:25";0,053;114,940;113,360;106,040;0,059;126,920;122,040;112,540;0,073;118,900;117,520;119,700
"17.03.2012";"18:10:26";0,055;114,980;113,400;106,060;0,059;126,960;122,220;112,580;0,078;118,900;117,500;119,660
"17.03.2012";"18:15:26";0,054;114,920;113,380;106,060;0,055;127,060;122,240;112,520;0,072;118,900;117,540;119,660
"17.03.2012";"18:20:26";0,055;114,860;113,380;106,060;0,055;127,100;122,260;112,600;0,073;118,900;117,580;119,620
"17.03.2012";"18:25:26";0,056;114,800;113,320;106,140;0,056;127,120;122,320;112,540;0,071;118,900;117,520;119,640
"17.03.2012";"18:30:26";0,054;114,860;113,340;106,080;0,059;127,280;122,360;112,540;0,074;118,840;117,520;119,660
"17.03.2012";"18:35:26";0,054;114,860;113,380;106,100;0,057;127,340;122,240;112,600;0,070;118,820;117,500;119,660
"17.03.2012";"18:40:26";0,055;114,860;113,400;106,140;0,059;127,380;122,320;112,700;0,069;118,880;117,540;119,700
"17.03.2012";"18:45:26";0,054;114,860;113,400;106,180;0,054;127,540;122,340;112,640;0,072;118,900;117,540;119,660
"17.03.2012";"18:50:26";0,054;114,940;113,440;106,160;0,056;127,540;122,360;112,700;0,074;118,900;117,560;119,660
"17.03.2012";"18:55:25";0,054;114,960;113,380;106,200;0,057;127,540;122,500;112,620;0,071;118,900;117,520;119,620
"17.03.2012";"19:00:25";0,056;114,980;113,380;106,240;0,057;127,760;122,660;112,620;0,069;118,820;117,500;119,580
"17.03.2012";"19:05:26";0,053;115,020;113,400;106,300;0,056;127,980;122,740;112,700;0,073;118,800;117,500;119,580
"17.03.2012";"19:10:26";0,055;115,000;113,420;106,280;0,052;127,760;122,580;112,700;0,075;118,820;117,500;119,580
"17.03.2012";"19:14:26";0,053;115,020;113,420;106,260;0,050;127,620;122,560;112,680;0,071;118,800;117,520;119,580
"17.03.2012";"19:19:26";0,054;115,060;113,400;106,240;0,052;127,740;122,600;112,660;0,071;118,840;117,560;119,580
"17.03.2012";"19:24:26";0,055;115,040;113,460;106,240;0,051;127,760;122,600;112,700;0,072;118,860;117,560;119,600
"17.03.2012";"19:29:26";0,055;115,080;113,520;106,280;0,055;127,740;122,520;112,700;0,074;118,820;117,620;119,600
"17.03.2012";"19:34:25";0,055;115,140;113,440;106,240;0,055;127,800;122,680;112,740;0,075;118,880;117,580;119,640
"17.03.2012";"19:39:25";0,056;115,040;113,500;106,280;0,059;127,780;122,600;112,740;0,071;118,880;117,600;119,660
"17.03.2012";"19:44:25";0,057;115,160;113,420;106,280;0,062;128,060;122,680;112,740;0,074;118,860;117,580;119,620
"17.03.2012";"19:49:26";0,056;115,160;113,460;106,340;0,063;128,240;122,900;112,680;0,072;118,900;117,640;119,660
"17.03.2012";"19:54:26";0,054;115,200;113,480;106,380;0,064;128,440;123,040;112,760;0,072;118,880;117,560;119,620
"17.03.2012";"19:59:26";0,054;115,160;113,460;106,460;0,064;128,520;123,080;112,720;0,071;118,900;117,600;119,700
"17.03.2012";"20:04:26";0,058;115,180;113,540;106,560;0,053;128,540;123,080;112,700;0,072;118,900;117,580;119,800
"17.03.2012";"20:09:26";0,056;115,200;113,520;106,520;0,056;128,380;122,980;112,740;0,074;118,920;117,660;119,700
"17.03.2012";"20:14:26";0,056;115,180;113,520;106,520;0,058;128,380;122,960;112,720;0,072;118,900;117,680;119,720
"17.03.2012";"20:19:26";0,054;115,160;113,540;106,520;0,053;128,480;122,960;112,700;0,071;118,940;117,640;119,740
"17.03.2012";"20:24:26";0,054;115,180;113,520;106,540;0,055;128,540;122,940;112,680;0,070;118,920;117,680;119,740
"17.03.2012";"20:29:25";0,054;115,180;113,600;106,560;0,055;128,520;122,900;112,700;0,072;118,940;117,720;119,720
"17.03.2012";"20:33:26";0,056;115,240;113,560;106,560;0,055;128,560;122,880;112,660;0,070;118,900;117,660;119,820
"17.03.2012";"20:38:26";0,055;115,200;113,560;106,580;0,057;128,500;122,900;112,700;0,070;119,000;117,700;119,740
"17.03.2012";"20:42:26";0,056;115,180;113,480;106,580;0,061;128,620;122,980;112,700;0,072;118,920;117,660;119,800
"17.03.2012";"20:47:26";0,055;115,240;113,560;106,540;0,061;128,780;123,100;112,660;0,070;118,900;117,740;119,740
"17.03.2012";"20:52:26";0,054;115,180;113,580;106,600;0,062;129,080;123,240;112,680;0,072;118,900;117,660;119,760
"17.03.2012";"20:57:26";0,056;115,200;113,600;106,660;0,065;129,220;123,320;112,660;0,070;118,940;117,640;119,660
"17.03.2012";"21:02:26";0,053;115,200;113,580;106,740;0,065;129,340;123,220;112,680;0,068;118,940;117,720;119,700
"17.03.2012";"21:07:26";0,056;115,160;113,600;106,760;0,067;129,460;123,360;112,720;0,072;118,980;117,740;119,700
"17.03.2012";"21:12:26";0,055;115,140;113,600;106,800;0,067;129,540;123,600;112,680;0,072;118,960;117,700;119,700
"17.03.2012";"21:17:25";0,056;114,900;113,600;106,800;0,069;129,520;123,600;112,680;0,070;118,920;117,740;119,700
"17.03.2012";"21:22:25";0,056;114,920;113,660;106,840;0,070;129,680;123,660;112,660;0,070;118,900;117,740;119,760
"17.03.2012";"21:27:25";0,057;114,880;113,640;106,880;0,071;129,840;123,700;112,700;0,071;118,920;117,700;119,740
"17.03.2012";"21:32:26";0,056;114,960;113,660;106,920;0,073;129,880;123,860;112,700;0,071;118,960;117,680;119,720
"17.03.2012";"21:37:26";0,056;115,000;113,700;106,980;0,071;129,900;123,860;112,720;0,070;119,000;117,720;119,720
"17.03.2012";"21:42:26";0,057;114,980;113,700;107,040;0,078;129,900;123,920;112,720;0,073;118,980;117,740;119,740
"17.03.2012";"21:47:26";0,053;115,000;113,720;107,060;0,075;130,080;124,080;112,760;0,072;118,960;117,760;119,760
"17.03.2012";"21:52:26";0,056;115,040;113,760;107,100;0,076;130,240;124,080;112,760;0,070;118,940;117,760;119,720
"17.03.2012";"21:57:26";0,054;115,000;113,820;107,160;0,076;130,320;124,140;112,780;0,068;119,100;117,780;119,720
"17.03.2012";"22:02:26";0,055;115,160;113,860;107,160;0,075;130,360;124,240;112,760;0,070;119,060;117,800;119,820
"17.03.2012";"22:07:26";0,056;115,160;113,840;107,200;0,077;130,600;124,100;112,820;0,071;119,020;117,800;119,840
"17.03.2012";"22:12:25";0,056;115,180;113,940;107,240;0,082;130,720;124,260;112,800;0,073;119,060;117,820;119,780
"17.03.2012";"22:16:26";0,055;115,200;113,900;107,220;0,078;130,800;124,280;112,920;0,070;119,000;117,800;119,820
"17.03.2012";"22:21:26";0,054;115,220;113,920;107,300;0,078;130,800;124,300;112,860;0,069;119,080;117,880;119,800
"17.03.2012";"22:25:26";0,055;115,240;114,000;107,340;0,077;131,100;124,380;112,900;0,070;119,100;117,940;119,880
"17.03.2012";"22:30:26";0,053;115,280;114,000;107,360;0,077;131,280;124,520;112,860;0,073;119,120;118,000;119,880
"17.03.2012";"22:35:26";0,055;115,260;114,000;107,340;0,078;131,480;124,580;112,920;0,070;119,160;118,020;119,920
"17.03.2012";"22:40:26";0,055;115,320;114,000;107,420;0,083;131,540;124,700;112,960;0,068;119,120;117,940;119,860
"17.03.2012";"22:45:26";0,054;115,380;114,040;107,460;0,080;131,680;124,760;112,980;0,071;119,160;118,000;119,900
"17.03.2012";"22:50:26";0,056;115,500;114,080;107,500;0,079;131,840;124,860;113,020;0,072;119,200;118,100;119,900
"17.03.2012";"22:55:26";0,052;115,480;114,140;107,560;0,081;131,980;124,820;113,040;0,071;119,260;118,060;120,020
"17.03.2012";"23:00:25";0,056;115,480;114,180;107,580;0,084;132,060;124,840;113,020;0,070;119,260;118,100;120,040
"17.03.2012";"23:05:25";0,054;115,540;114,160;107,640;0,086;132,220;124,900;113,000;0,070;119,240;118,200;120,080
"17.03.2012";"23:10:25";0,053;115,460;114,180;107,740;0,084;132,600;125,140;113,040;0,070;119,320;118,200;120,020
"17.03.2012";"23:15:26";0,055;115,460;114,200;107,780;0,088;133,140;125,200;113,080;0,073;119,360;118,220;120,020
"17.03.2012";"23:20:26";0,054;115,420;114,220;107,880;0,088;133,740;125,620;113,180;0,070;119,340;118,140;119,960
"17.03.2012";"23:25:26";0,056;115,500;114,240;107,940;0,081;134,120;125,600;113,240;0,071;119,300;118,220;120,020
"17.03.2012";"23:30:26";0,053;115,500;114,240;108,000;0,085;134,580;125,800;113,280;0,070;119,300;118,140;120,000
"17.03.2012";"23:35:26";0,057;115,580;114,340;108,120;0,085;134,860;125,840;113,360;0,071;119,360;118,220;119,960
"17.03.2012";"23:40:26";0,060;115,560;114,300;108,160;0,083;134,620;125,740;113,380;0,075;119,400;118,360;120,060
"17.03.2012";"23:45:26";0,055;115,620;114,440;108,240;0,087;134,360;125,740;113,420;0,073;119,480;118,400;120,020
"17.03.2012";"23:50:26";0,056;115,660;114,500;108,180;0,084;133,900;125,740;113,440;0,073;119,600;118,420;120,140
"17.03.2012";"23:55:25";0,056;115,800;114,540;108,220;0,083;133,580;125,640;113,540;0,072;119,600;118,500;120,200
"17.03.2012";"23:59:26";0,054;115,920;114,580;108,280;0,079;133,420;125,720;113,460;0,071;119,660;118,600;120,240
"18.03.2012";"00:04:26";0,053;115,980;114,600;108,260;0,081;133,480;125,500;113,580;0,067;119,660;118,580;120,360
"18.03.2012";"00:08:26";0,056;116,000;114,600;108,200;0,077;133,860;125,720;113,600;0,074;119,700;118,600;120,400
"18.03.2012";"00:13:26";0,056;116,000;114,620;108,260;0,086;133,900;125,720;113,580;0,071;119,700;118,640;120,460
"18.03.2012";"00:18:26";0,054;116,080;114,700;108,300;0,081;133,880;125,720;113,620;0,070;119,780;118,660;120,480
"18.03.2012";"00:23:26";0,058;116,120;114,760;108,360;0,086;133,980;125,860;113,620;0,072;119,700;118,620;120,480
"18.03.2012";"00:28:26";0,057;116,140;114,800;108,380;0,084;133,940;125,740;113,720;0,073;119,860;118,620;120,420
"18.03.2012";"00:33:26";0,054;116,200;114,800;108,400;0,080;133,860;125,900;113,700;0,070;119,880;118,740;120,600
"18.03.2012";"00:38:26";0,055;116,120;114,780;108,440;0,083;133,920;125,780;113,660;0,071;119,880;118,780;120,600
"18.03.2012";"00:43:25";0,056;116,180;114,820;108,420;0,086;134,100;125,800;113,720;0,068;119,900;118,740;120,660
"18.03.2012";"00:48:25";0,056;116,200;114,800;108,460;0,084;134,140;125,760;113,780;0,071;119,960;118,880;120,640
"18.03.2012";"00:53:25";0,057;116,180;114,820;108,440;0,089;134,320;125,820;113,800;0,071;120,000;118,880;120,620
"18.03.2012";"00:58:26";0,057;116,200;114,900;108,480;0,082;134,460;125,920;113,820;0,073;119,940;118,860;120,660
"18.03.2012";"01:03:26";0,055;116,360;114,900;108,560;0,083;134,900;125,980;113,920;0,068;120,020;118,880;120,620
"18.03.2012";"01:08:26";0,056;116,360;114,900;108,640;0,081;134,640;126,120;113,900;0,070;120,020;118,900;120,620
"18.03.2012";"01:13:26";0,055;116,380;114,940;108,600;0,081;134,500;126,060;113,900;0,070;120,080;118,920;120,700
"18.03.2012";"01:18:26";0,055;116,400;114,980;108,680;0,083;134,460;126,100;113,980;0,074;120,100;119,020;120,720
"18.03.2012";"01:23:26";0,056;116,460;115,000;108,680;0,084;134,660;126,200;113,960;0,073;120,180;119,060;120,740
"18.03.2012";"01:28:26";0,056;116,480;115,000;108,660;0,082;134,540;126,180;114,060;0,072;120,160;119,080;120,760
"18.03.2012";"01:33:26";0,053;116,500;115,040;108,760;0,081;134,600;126,240;114,100;0,071;120,120;119,080;120,800
"18.03.2012";"01:38:25";0,055;116,520;115,120;108,720;0,085;134,680;126,180;114,040;0,073;120,200;119,080;120,800
"18.03.2012";"01:42:26";0,056;116,620;115,080;108,760;0,082;134,920;126,520;114,100;0,074;120,200;119,080;120,780
"18.03.2012";"01:47:26";0,056;116,620;115,160;108,820;0,076;134,980;126,380;114,160;0,071;120,300;119,140;120,840
"18.03.2012";"01:51:26";0,057;116,700;115,200;108,860;0,079;135,020;126,660;114,180;0,073;120,260;119,200;120,880
"18.03.2012";"01:56:26";0,056;116,680;115,240;108,900;0,079;135,120;126,660;114,220;0,073;120,260;119,220;120,880
"18.03.2012";"02:01:26";0,056;116,640;115,200;108,860;0,084;135,080;126,560;114,220;0,070;120,340;119,240;120,860
"18.03.2012";"02:06:26";0,054;116,700;115,240;109,000;0,087;135,220;126,640;114,280;0,073;120,400;119,220;121,000
"18.03.2012";"02:11:26";0,058;116,700;115,240;108,980;0,081;135,620;126,620;114,300;0,074;120,400;119,240;120,920
"18.03.2012";"02:16:26";0,057;116,700;115,300;109,000;0,079;135,600;126,720;114,260;0,073;120,380;119,280;121,000
"18.03.2012";"02:21:26";0,058;116,680;115,320;109,080;0,083;135,580;126,620;114,340;0,075;120,420;119,280;121,040
"18.03.2012";"02:26:25";0,060;116,780;115,400;109,080;0,096;135,680;126,740;114,440;0,075;120,440;119,340;121,020
"18.03.2012";"02:31:25";0,058;116,800;115,320;109,120;0,103;136,180;126,840;114,380;0,072;120,480;119,400;121,080
"18.03.2012";"02:36:25";0,055;116,800;115,280;109,160;0,107;136,960;127,060;114,480;0,072;120,380;119,340;121,040
"18.03.2012";"02:41:26";0,056;116,720;115,260;109,200;0,111;137,800;127,160;114,540;0,073;120,400;119,200;121,020
"18.03.2012";"02:46:26";0,054;116,700;115,220;109,260;0,115;138,120;127,140;114,540;0,072;120,340;119,160;121,040
"18.03.2012";"02:51:26";0,058;116,700;115,200;109,340;0,112;138,520;127,100;114,560;0,071;120,340;119,120;120,980
"18.03.2012";"02:56:26";0,057;116,640;115,100;109,320;0,144;138,980;126,620;114,560;0,077;120,140;118,900;121,000
"18.03.2012";"03:01:26";0,055;116,620;115,000;109,280;0,123;139,140;126,620;114,540;0,070;120,040;118,740;120,840
"18.03.2012";"03:06:26";0,055;116,540;114,920;109,240;0,135;139,160;126,360;114,520;0,075;120,020;118,740;120,720
"18.03.2012";"03:11:26";0,051;116,420;114,500;109,020;0,118;138,840;124,440;114,500;0,059;119,660;118,000;120,600
"18.03.2012";"03:16:26";0,038;115,620;113,620;107,400;0,094;134,140;123,020;114,480;0,036;118,580;117,120;119,060
"18.03.2012";"03:21:25";0,036;115,140;112,920;105,220;0,093;130,560;121,800;114,320;0,036;117,980;116,280;117,740
"18.03.2012";"03:25:26";0,038;114,900;112,320;103,500;0,093;129,260;120,740;114,080;0,036;117,720;115,460;116,880
"18.03.2012";"03:30:26";0,038;114,700;111,600;101,700;0,094;128,420;119,280;113,740;0,035;117,440;114,680;116,000
"18.03.2012";"03:34:26";0,037;114,440;110,940;100,160;0,095;127,760;118,200;113,420;0,036;117,240;113,960;115,260
"18.03.2012";"03:39:26";0,037;114,240;110,280;98,840;0,096;127,240;117,460;113,020;0,034;116,980;113,320;114,540
"18.03.2012";"03:44:26";0,038;113,940;109,520;97,520;0,096;126,760;116,460;112,620;0,036;116,720;112,640;113,760
"18.03.2012";"03:49:26";0,038;113,620;108,820;96,240;0,095;126,160;115,720;112,160;0,037;116,360;112,120;113,000
"18.03.2012";"03:54:26";0,040;113,360;108,100;95,000;0,099;125,560;114,940;111,720;0,036;116,060;111,360;112,260
"18.03.2012";"03:59:26";0,038;113,020;107,540;93,980;0,098;125,040;114,080;111,180;0,036;115,720;110,820;111,500
"18.03.2012";"04:04:26";0,039;112,760;106,980;92,960;0,097;124,460;113,300;110,680;0,035;115,400;110,260;110,760
"18.03.2012";"04:09:25";0,039;112,320;106,220;92,000;0,099;123,860;112,460;110,220;0,035;115,020;109,560;110,140
"18.03.2012";"04:14:25";0,038;111,880;105,540;91,160;0,100;123,240;111,860;109,760;0,036;114,700;109,140;109,460
"18.03.2012";"04:19:25";0,035;111,480;105,040;90,420;0,101;122,700;111,040;109,220;0,036;114,360;108,500;108,860
"18.03.2012";"04:24:26";0,033;111,080;104,420;89,780;0,102;122,160;110,340;108,780;0,035;113,900;107,940;108,260
"18.03.2012";"04:29:26";0,031;110,700;103,820;88,980;0,103;121,580;109,780;108,280;0,036;113,560;107,460;107,700
"18.03.2012";"04:34:26";0,034;110,260;103,200;88,340;0,103;120,940;109,060;107,780;0,035;113,160;106,900;107,100
"18.03.2012";"04:39:26";0,035;109,860;102,600;87,760;0,105;120,400;108,480;107,260;0,036;112,680;106,460;106,480
"18.03.2012";"04:44:26";0,036;109,460;102,080;87,000;0,104;119,760;107,780;106,780;0,036;112,340;106,020;105,980
"18.03.2012";"04:49:26";0,035;108,960;101,500;86,420;0,105;119,100;107,200;106,240;0,035;111,840;105,500;105,440
"18.03.2012";"04:54:26";0,032;108,580;101,000;85,860;0,107;118,500;106,620;105,780;0,036;111,420;104,980;104,800
"18.03.2012";"04:59:26";0,033;108,160;100,340;85,260;0,108;117,960;106,080;105,240;0,035;110,980;104,520;104,300
"18.03.2012";"05:04:25";0,033;107,680;99,760;84,660;0,108;117,400;105,460;104,700;0,034;110,560;104,060;103,720
"18.03.2012";"05:08:26";0,033;107,320;99,460;84,220;0,108;116,820;104,960;104,260;0,036;110,280;103,660;103,260
"18.03.2012";"05:13:26";0,033;106,840;98,800;83,560;0,110;116,340;104,340;103,720;0,035;109,800;103,120;102,740
"18.03.2012";"05:17:26";0,033;106,440;98,360;83,080;0,109;115,780;103,780;103,220;0,035;109,440;102,640;102,240
"18.03.2012";"05:22:26";0,031;106,080;97,880;82,600;0,110;115,220;103,360;102,800;0,035;109,060;102,220;101,820
"18.03.2012";"05:27:26";0,032;105,620;97,360;81,920;0,110;114,660;102,760;102,300;0,034;108,600;101,740;101,320
"18.03.2012";"05:32:26";0,032;105,160;96,800;81,420;0,109;114,060;102,200;101,760;0,036;108,240;101,280;100,860
"18.03.2012";"05:37:26";0,031;104,640;96,280;80,820;0,109;113,540;101,640;101,220;0,036;107,760;100,720;100,300
"18.03.2012";"05:42:26";0,032;104,160;95,780;80,260;0,109;112,980;101,100;100,780;0,036;107,360;100,220;99,820
"18.03.2012";"05:47:26";0,033;103,660;95,280;79,800;0,108;112,340;100,540;100,280;0,036;106,900;99,720;99,320
"18.03.2012";"05:52:25";0,033;103,180;94,800;79,300;0,109;111,680;100,000;99,740;0,035;106,480;99,280;98,840
"18.03.2012";"05:57:25";0,032;102,720;94,240;78,820;0,109;111,140;99,500;99,280;0,036;105,980;98,800;98,360
"18.03.2012";"06:02:25";0,032;102,240;93,780;78,400;0,108;110,560;98,980;98,720;0,036;105,560;98,260;97,880
"18.03.2012";"06:07:26";0,033;101,740;93,200;77,900;0,108;109,960;98,400;98,260;0,035;105,160;97,820;97,440
"18.03.2012";"06:12:26";0,032;101,300;92,740;77,440;0,109;109,400;97,900;97,740;0,035;104,700;97,360;96,960
"18.03.2012";"06:17:26";0,030;100,880;92,220;77,020;0,110;108,880;97,380;97,320;0,034;104,240;96,920;96,500
"18.03.2012";"06:22:26";0,031;100,380;91,680;76,700;0,109;108,340;96,920;96,840;0,036;103,780;96,420;96,060
"18.03.2012";"06:27:26";0,032;99,920;91,240;76,200;0,109;107,720;96,380;96,340;0,035;103,320;95,980;95,540
"18.03.2012";"06:32:26";0,030;99,420;90,740;75,880;0,110;107,200;95,980;95,840;0,035;102,820;95,460;95,160
"18.03.2012";"06:37:26";0,030;98,960;90,220;75,500;0,110;106,700;95,560;95,340;0,035;102,400;94,960;94,680
"18.03.2012";"06:42:26";0,029;98,540;89,860;75,140;0,110;106,160;95,020;94,860;0,035;101,940;94,580;94,220
"18.03.2012";"06:47:25";0,030;98,080;89,320;74,920;0,108;105,600;94,500;94,400;0,037;101,520;94,160;93,780
"18.03.2012";"06:51:26";0,030;97,700;88,960;74,540;0,108;105,220;94,060;94,100;0,035;101,160;93,700;93,420
"18.03.2012";"06:56:26";0,029;97,220;88,460;74,080;0,107;104,640;93,580;93,600;0,036;100,720;93,260;92,880
"18.03.2012";"07:00:26";0,030;96,780;88,100;73,860;0,109;104,140;93,180;93,180;0,034;100,360;92,780;92,500
"18.03.2012";"07:05:26";0,029;96,420;87,680;73,580;0,106;103,680;92,740;92,700;0,035;99,920;92,360;92,140
"18.03.2012";"07:10:26";0,029;95,940;87,280;73,000;0,106;103,080;92,240;92,260;0,034;99,480;91,880;91,680
"18.03.2012";"07:15:26";0,029;95,500;86,800;72,640;0,108;102,600;91,820;91,780;0,035;99,080;91,460;91,260
"18.03.2012";"07:20:26";0,029;95,080;86,460;72,360;0,106;102,100;91,320;91,260;0,035;98,640;91,020;90,780
"18.03.2012";"07:25:26";0,031;94,620;85,900;72,000;0,105;101,600;90,820;90,880;0,036;98,200;90,540;90,360
"18.03.2012";"07:30:26";0,030;94,160;85,460;71,560;0,107;101,100;90,380;90,360;0,033;97,800;90,100;89,960
"18.03.2012";"07:35:25";0,030;93,720;85,040;71,160;0,107;100,620;89,880;89,960;0,035;97,380;89,700;89,520
"18.03.2012";"07:40:25";0,031;93,260;84,680;70,840;0,108;100,120;89,500;89,520;0,034;96,960;89,300;89,100
"18.03.2012";"07:45:25";0,028;92,840;84,220;70,480;0,106;99,580;89,060;89,080;0,034;96,460;88,840;88,740
"18.03.2012";"07:50:26";0,029;92,360;83,800;70,200;0,105;99,100;88,580;88,660;0,033;96,080;88,440;88,300
"18.03.2012";"07:55:26";0,030;91,860;83,420;69,680;0,106;98,640;88,120;88,240;0,035;95,680;88,000;87,920
"18.03.2012";"08:00:26";0,030;91,460;83,000;69,400;0,105;98,140;87,760;87,820;0,034;95,220;87,620;87,520
"18.03.2012";"08:05:26";0,030;90,940;82,500;68,940;0,107;97,620;87,340;87,380;0,034;94,840;87,260;87,100
"18.03.2012";"08:10:26";0,029;90,480;82,080;68,840;0,107;97,200;86,860;86,920;0,034;94,420;86,800;86,680
"18.03.2012";"08:15:26";0,029;90,040;81,760;68,400;0,107;96,700;86,460;86,520;0,032;94,040;86,380;86,260
"18.03.2012";"08:20:26";0,029;89,620;81,360;68,080;0,105;96,240;85,980;86,080;0,033;93,580;86,060;85,900
"18.03.2012";"08:25:26";0,030;89,180;80,960;67,620;0,106;95,740;85,540;85,680;0,033;93,180;85,660;85,460
"18.03.2012";"08:30:25";0,029;88,760;80,540;67,380;0,105;95,300;85,120;85,260;0,034;92,720;85,220;85,100
"18.03.2012";"08:34:26";0,029;88,420;80,200;67,300;0,106;94,920;84,840;84,960;0,033;92,380;84,840;84,800
"18.03.2012";"08:39:26";0,029;88,000;79,780;67,100;0,107;94,440;84,420;84,540;0,034;92,000;84,480;84,400
"18.03.2012";"08:43:26";0,030;87,660;79,520;66,640;0,105;94,040;84,040;84,180;0,032;91,600;84,100;84,080
"18.03.2012";"08:48:26";0,029;87,300;79,100;66,420;0,105;93,680;83,720;83,800;0,032;91,220;83,780;83,740
"18.03.2012";"08:53:26";0,028;86,900;78,820;66,240;0,107;93,200;83,360;83,360;0,032;90,780;83,400;83,360
"18.03.2012";"08:58:26";0,029;86,440;78,420;65,940;0,105;92,740;82,920;82,980;0,032;90,420;83,000;82,920
"18.03.2012";"09:03:26";0,028;86,060;78,040;65,540;0,105;92,280;82,500;82,600;0,034;89,980;82,620;82,580
"18.03.2012";"09:08:26";0,030;85,640;77,580;65,260;0,106;91,740;82,080;82,200;0,032;89,660;82,260;82,220
"18.03.2012";"09:13:26";0,028;85,240;77,260;65,000;0,106;91,380;81,700;81,800;0,032;89,180;81,900;81,860
"18.03.2012";"09:18:25";0,029;84,840;76,900;64,780;0,106;90,860;81,400;81,440;0,033;88,840;81,500;81,460
"18.03.2012";"09:23:25";0,028;84,460;76,480;64,560;0,105;90,400;80,980;81,060;0,033;88,440;81,160;81,100
"18.03.2012";"09:28:25";0,029;84,040;76,160;64,200;0,105;89,940;80,480;80,660;0,032;88,040;80,780;80,700
"18.03.2012";"09:33:26";0,028;83,680;75,800;63,860;0,105;89,540;80,240;80,320;0,031;87,620;80,380;80,400
"18.03.2012";"09:38:26";0,029;83,260;75,380;63,720;0,106;89,120;79,860;79,900;0,032;87,240;80,060;80,000
"18.03.2012";"09:43:26";0,027;82,860;75,040;63,480;0,103;88,720;79,440;79,500;0,032;86,920;79,720;79,640
"18.03.2012";"09:48:26";0,029;82,520;74,680;63,120;0,105;88,300;79,100;79,160;0,031;86,500;79,320;79,280
"18.03.2012";"09:53:26";0,028;82,140;74,400;62,920;0,104;87,880;78,660;78,760;0,031;86,140;78,940;78,960
"18.03.2012";"09:58:26";0,028;81,760;74,080;62,600;0,103;87,500;78,320;78,400;0,033;85,780;78,620;78,540
"18.03.2012";"10:03:26";0,028;81,360;73,780;62,340;0,105;87,080;78,000;78,040;0,032;85,420;78,260;78,240
"18.03.2012";"10:08:26";0,028;80,960;73,320;62,140;0,105;86,640;77,660;77,700;0,030;85,040;77,960;77,900
"18.03.2012";"10:13:25";0,026;80,580;72,940;61,720;0,103;86,220;77,240;77,380;0,032;84,640;77,620;77,560
"18.03.2012";"10:17:26";0,028;80,340;72,800;61,560;0,106;85,960;76,980;77,060;0,032;84,320;77,280;77,280
"18.03.2012";"10:22:26";0,028;79,960;72,500;61,340;0,104;85,540;76,580;76,680;0,032;84,020;76,980;76,920
"18.03.2012";"10:26:26";0,027;79,640;72,100;61,140;0,104;85,180;76,280;76,380;0,032;83,660;76,640;76,600
"18.03.2012";"10:31:26";0,027;79,300;71,860;60,780;0,103;84,820;75,960;76,060;0,032;83,320;76,340;76,340
"18.03.2012";"10:36:26";0,028;78,920;71,440;60,640;0,105;84,400;75,640;75,740;0,031;83,020;76,020;76,000
"18.03.2012";"10:41:26";0,026;78,520;71,080;60,360;0,104;84,040;75,260;75,400;0,030;82,620;75,700;75,620
"18.03.2012";"10:46:26";0,028;78,220;70,860;60,100;0,103;83,680;74,960;75,020;0,031;82,320;75,360;75,380
"18.03.2012";"10:51:26";0,027;77,820;70,560;59,820;0,105;83,240;74,640;74,700;0,031;81,920;74,980;74,980
"18.03.2012";"10:56:26";0,028;77,500;70,220;59,560;0,103;82,900;74,340;74,420;0,031;81,600;74,700;74,700
"18.03.2012";"11:01:25";0,028;77,160;69,720;59,260;0,103;82,500;74,000;74,020;0,032;81,260;74,480;74,400
"18.03.2012";"11:06:25";0,028;76,800;69,460;59,020;0,102;82,180;73,700;73,740;0,030;80,860;74,120;74,020
"18.03.2012";"11:11:25";0,027;76,460;69,120;58,780;0,103;81,780;73,220;73,340;0,032;80,540;73,840;73,740
"18.03.2012";"11:16:26";0,028;76,140;68,820;58,540;0,103;81,400;72,900;73,020;0,031;80,220;73,480;73,440
"18.03.2012";"11:21:26";0,027;75,780;68,440;58,280;0,100;81,040;72,660;72,660;0,032;79,860;73,300;73,140
"18.03.2012";"11:26:26";0,028;75,420;68,160;58,100;0,102;80,640;72,340;72,420;0,031;79,520;72,940;72,820
"18.03.2012";"11:31:26";0,028;75,080;67,840;57,780;0,102;80,320;72,020;72,040;0,031;79,200;72,700;72,500
"18.03.2012";"11:36:26";0,028;74,760;67,520;57,500;0,101;79,940;71,720;71,720;0,032;78,860;72,420;72,180
"18.03.2012";"11:41:26";0,028;74,380;67,280;57,280;0,102;79,580;71,400;71,440;0,030;78,520;72,160;71,900
"18.03.2012";"11:46:26";0,028;74,080;67,000;57,020;0,101;79,220;71,080;71,160;0,030;78,240;71,720;71,560
"18.03.2012";"11:51:26";0,027;73,740;66,720;56,840;0,100;78,920;70,760;70,780;0,031;77,880;71,520;71,260
"18.03.2012";"11:56:25";0,027;73,440;66,300;56,660;0,100;78,560;70,440;70,440;0,030;77,540;71,240;70,960
"18.03.2012";"12:00:26";0,027;73,200;66,240;56,460;0,101;78,260;70,160;70,220;0,031;77,280;71,040;70,800
"18.03.2012";"12:05:26";0,026;72,860;65,840;56,180;0,100;77,900;69,860;69,860;0,031;76,980;70,720;70,500
"18.03.2012";"12:09:26";0,027;72,620;65,540;56,060;0,100;77,560;69,460;69,540;0,031;76,680;70,420;70,220
"18.03.2012";"12:14:26";0,027;72,240;65,320;55,780;0,099;77,320;69,220;69,260;0,032;76,360;70,160;69,880
"18.03.2012";"12:19:26";0,026;71,940;65,020;55,640;0,101;76,960;68,860;68,940;0,030;76,100;69,760;69,540
"18.03.2012";"12:24:26";0,028;71,640;64,720;55,380;0,099;76,620;68,600;68,640;0,030;75,800;69,640;69,280
"18.03.2012";"12:29:26";0,026;71,280;64,500;55,160;0,098;76,280;68,300;68,340;0,031;75,460;69,180;68,980
"18.03.2012";"12:34:26";0,027;71,000;64,200;54,940;0,100;75,960;68,000;68,040;0,030;75,120;68,840;68,680
"18.03.2012";"12:39:26";0,026;70,700;63,960;54,760;0,097;75,640;67,700;67,780;0,030;74,800;68,660;68,380
"18.03.2012";"12:44:25";0,026;70,340;63,740;54,480;0,100;75,300;67,460;67,480;0,030;74,520;68,340;68,100
"18.03.2012";"12:49:25";0,028;69,960;63,440;54,300;0,099;74,960;67,120;67,200;0,031;74,200;68,080;67,800
"18.03.2012";"12:54:25";0,026;69,660;63,240;54,100;0,098;74,660;66,860;66,900;0,030;73,900;67,840;67,560
"18.03.2012";"12:59:26";0,026;69,320;62,920;53,920;0,099;74,320;66,560;66,600;0,030;73,600;67,480;67,280
"18.03.2012";"13:04:26";0,025;69,020;62,700;53,600;0,099;74,020;66,320;66,380;0,031;73,300;67,180;66,980
"18.03.2012";"13:09:26";0,026;68,720;62,420;53,400;0,099;73,720;66,040;66,040;0,030;73,000;67,020;66,760
"18.03.2012";"13:14:26";0,027;68,400;62,200;53,200;0,099;73,380;65,840;65,760;0,030;72,760;66,700;66,480
"18.03.2012";"13:19:26";0,027;68,200;61,900;53,080;0,099;73,040;65,420;65,520;0,032;72,440;66,440;66,180
"18.03.2012";"13:24:26";0,027;67,820;61,680;52,820;0,098;72,720;65,200;65,200;0,031;72,180;66,180;65,900
"18.03.2012";"13:29:26";0,027;67,560;61,400;52,620;0,097;72,440;65,000;64,960;0,030;71,880;65,940;65,680
"18.03.2012";"13:34:26";0,027;67,260;61,160;52,420;0,099;72,120;64,660;64,700;0,029;71,580;65,660;65,420
"18.03.2012";"13:39:25";0,025;66,980;60,880;52,140;0,099;71,820;64,500;64,460;0,029;71,280;65,460;65,160
"18.03.2012";"13:43:26";0,024;66,820;60,640;52,080;0,097;71,600;64,240;64,260;0,031;71,020;65,260;64,980
"18.03.2012";"13:48:26";0,026;66,500;60,460;51,880;0,097;71,280;63,960;64,020;0,029;70,820;64,960;64,720
"18.03.2012";"13:52:26";0,025;66,220;60,220;51,640;0,097;71,000;63,740;63,780;0,030;70,500;64,700;64,500
"18.03.2012";"13:57:26";0,027;66,000;60,100;51,540;0,097;70,760;63,580;63,520;0,030;70,180;64,500;64,300
"18.03.2012";"14:02:26";0,027;65,700;59,780;51,380;0,099;70,440;63,260;63,300;0,031;69,900;64,340;64,060
"18.03.2012";"14:07:26";0,026;65,440;59,500;51,120;0,096;70,060;63,040;63,120;0,029;69,600;64,180;63,820
"18.03.2012";"14:12:26";0,025;65,140;59,280;50,920;0,097;69,720;62,760;62,780;0,030;69,300;63,880;63,600
"18.03.2012";"14:17:26";0,026;64,940;59,120;50,780;0,097;69,420;62,500;62,540;0,029;69,040;63,640;63,360
"18.03.2012";"14:22:26";0,027;64,640;58,880;50,600;0,097;69,120;62,260;62,300;0,030;68,700;63,460;63,160
"18.03.2012";"14:27:25";0,027;64,400;58,600;50,380;0,095;68,860;62,000;62,040;0,030;68,500;63,100;62,900
"18.03.2012";"14:32:25";0,027;64,160;58,320;50,200;0,098;68,540;61,760;61,760;0,029;68,200;62,860;62,640
"18.03.2012";"14:37:25";0,027;63,940;58,100;49,980;0,098;68,240;61,520;61,560;0,029;67,900;62,640;62,380
"18.03.2012";"14:42:26";0,025;63,660;57,840;49,860;0,097;68,000;61,280;61,320;0,030;67,620;62,420;62,140
"18.03.2012";"14:47:26";0,025;63,420;57,640;49,680;0,098;67,720;61,120;61,100;0,029;67,380;62,240;61,920
"18.03.2012";"14:52:26";0,026;63,160;57,360;49,440;0,096;67,420;60,800;60,840;0,029;67,180;62,020;61,680
"18.03.2012";"14:57:26";0,027;62,920;57,200;49,300;0,096;67,200;60,580;60,560;0,028;66,860;61,720;61,480
"18.03.2012";"15:02:26";0,026;62,680;57,020;49,160;0,097;66,860;60,340;60,360;0,029;66,600;61,480;61,240
"18.03.2012";"15:07:26";0,027;62,400;56,780;48,940;0,097;66,680;60,100;60,140;0,028;66,320;61,260;60,980
"18.03.2012";"15:12:26";0,026;62,160;56,580;48,740;0,098;66,360;59,840;59,840;0,030;66,060;61,080;60,760
"18.03.2012";"15:17:26";0,026;61,920;56,420;48,580;0,097;66,100;59,620;59,600;0,029;65,840;60,860;60,520
"18.03.2012";"15:22:25";0,026;61,620;56,200;48,400;0,096;65,820;59,460;59,400;0,030;65,580;60,560;60,280
"18.03.2012";"15:26:26";0,027;61,460;55,960;48,240;0,097;65,660;59,260;59,220;0,028;65,380;60,420;60,100
"18.03.2012";"15:31:26";0,026;61,220;55,680;48,100;0,096;65,300;59,020;59,000;0,028;65,120;60,220;59,880
"18.03.2012";"15:35:26";0,026;60,980;55,580;48,000;0,096;65,120;58,760;58,800;0,029;64,920;59,960;59,700
"18.03.2012";"15:40:26";0,025;60,780;55,380;47,840;0,096;64,880;58,560;58,580;0,029;64,680;59,800;59,520
"18.03.2012";"15:45:26";0,027;60,540;55,140;47,680;0,096;64,620;58,420;58,380;0,030;64,460;59,600;59,260
"18.03.2012";"15:50:26";0,027;60,320;54,940;47,500;0,096;64,440;58,140;58,120;0,030;64,240;59,300;59,080
"18.03.2012";"15:55:26";0,026;60,100;54,760;47,320;0,096;64,200;57,940;57,900;0,030;64,000;59,160;58,820
"18.03.2012";"16:00:26";0,027;59,860;54,500;47,120;0,096;63,900;57,680;57,680;0,028;63,780;58,980;58,660
"18.03.2012";"16:05:26";0,026;59,620;54,320;47,000;0,096;63,660;57,520;57,520;0,030;63,540;58,800;58,380
"18.03.2012";"16:10:25";0,026;59,440;54,160;46,800;0,095;63,460;57,320;57,260;0,030;63,340;58,460;58,180
"18.03.2012";"16:15:25";0,026;59,140;53,980;46,640;0,096;63,240;57,020;57,040;0,028;63,100;58,360;57,980
"18.03.2012";"16:20:25";0,024;58,920;53,740;46,500;0,095;62,980;56,880;56,880;0,029;62,840;58,040;57,800
"18.03.2012";"16:25:26";0,026;58,720;53,520;46,320;0,095;62,760;56,640;56,620;0,030;62,600;57,820;57,560
"18.03.2012";"16:30:26";0,025;58,500;53,360;46,220;0,095;62,500;56,460;56,420;0,030;62,360;57,680;57,360
"18.03.2012";"16:35:26";0,025;58,240;53,160;46,020;0,096;62,240;56,160;56,200;0,028;62,100;57,520;57,160
"18.03.2012";"16:40:26";0,025;58,040;52,900;45,860;0,096;62,000;55,940;56,040;0,028;61,920;57,260;56,980
"18.03.2012";"16:45:26";0,025;57,780;52,800;45,780;0,096;61,760;55,800;55,780;0,029;61,680;57,060;56,740
"18.03.2012";"16:50:26";0,025;57,640;52,560;45,540;0,095;61,520;55,580;55,580;0,028;61,420;56,860;56,540
"18.03.2012";"16:55:26";0,025;57,380;52,420;45,460;0,096;61,320;55,360;55,360;0,028;61,260;56,680;56,400
"18.03.2012";"17:00:26";0,026;57,200;52,200;45,260;0,094;61,100;55,180;55,180;0,030;60,980;56,520;56,120
"18.03.2012";"17:05:25";0,024;56,940;52,000;45,040;0,096;60,820;55,000;55,000;0,028;60,780;56,200;55,960
"18.03.2012";"17:09:26";0,025;56,800;51,880;44,960;0,097;60,640;54,860;54,820;0,028;60,600;56,100;55,800
"18.03.2012";"17:14:26";0,025;56,600;51,740;44,800;0,096;60,420;54,680;54,660;0,028;60,380;55,840;55,660
"18.03.2012";"17:18:26";0,025;56,400;51,560;44,700;0,095;60,240;54,460;54,440;0,027;60,140;55,660;55,440
"18.03.2012";"17:23:26";0,025;56,220;51,360;44,580;0,094;59,980;54,300;54,260;0,029;59,960;55,620;55,220
"18.03.2012";"17:28:26";0,026;56,020;51,120;44,360;0,095;59,760;54,060;54,080;0,029;59,740;55,380;55,060
"18.03.2012";"17:33:26";0,025;55,780;51,000;44,200;0,096;59,560;53,900;53,900;0,029;59,540;55,240;54,860
"18.03.2012";"17:38:26";0,026;55,600;50,860;44,020;0,095;59,340;53,700;53,740;0,029;59,360;55,020;54,640
"18.03.2012";"17:43:26";0,026;55,380;50,600;43,980;0,096;59,140;53,480;53,480;0,028;59,120;54,780;54,480
"18.03.2012";"17:48:26";0,026;55,180;50,420;43,860;0,095;58,880;53,320;53,260;0,028;58,940;54,660;54,300
"18.03.2012";"17:53:25";0,025;54,980;50,300;43,700;0,094;58,680;53,140;53,140;0,029;58,680;54,440;54,100
"18.03.2012";"17:58:25";0,025;54,800;50,100;43,600;0,094;58,500;52,960;52,940;0,029;58,440;54,240;53,900
"18.03.2012";"18:03:26";0,025;54,560;49,980;43,380;0,095;58,240;52,740;52,760;0,028;58,260;54,060;53,740
"18.03.2012";"18:08:26";0,025;54,400;49,780;43,260;0,095;58,080;52,560;52,580;0,027;58,040;53,940;53,520
"18.03.2012";"18:12:26";0,025;54,180;49,640;43,100;0,096;57,900;52,380;52,360;0,029;57,880;53,720;53,360
"18.03.2012";"18:17:26";0,025;54,040;49,460;42,900;0,096;57,640;52,220;52,240;0,028;57,660;53,600;53,240
"18.03.2012";"18:22:26";0,025;53,840;49,240;42,860;0,095;57,460;52,040;52,040;0,029;57,520;53,360;53,000
"18.03.2012";"18:26:26";0,026;53,720;49,080;42,760;0,095;57,260;51,900;51,860;0,030;57,300;53,240;52,860
"18.03.2012";"18:31:26";0,025;53,500;48,980;42,540;0,095;57,060;51,780;51,760;0,028;57,120;53,120;52,720
"18.03.2012";"18:36:26";0,025;53,340;48,820;42,420;0,095;56,860;51,600;51,540;0,029;56,940;52,900;52,520
"18.03.2012";"18:41:26";0,027;53,160;48,700;42,300;0,094;56,680;51,440;51,360;0,029;56,720;52,740;52,320
"18.03.2012";"18:46:26";0,024;52,960;48,480;42,160;0,095;56,460;51,200;51,180;0,030;56,500;52,480;52,160
"18.03.2012";"18:51:26";0,025;52,740;48,400;42,020;0,094;56,240;51,040;51,020;0,028;56,300;52,380;51,940
"18.03.2012";"18:56:26";0,025;52,580;48,140;41,960;0,097;56,040;50,840;50,800;0,027;56,100;52,160;51,820
"18.03.2012";"19:01:26";0,025;52,380;48,040;41,760;0,095;55,860;50,680;50,680;0,028;55,920;52,000;51,660
"18.03.2012";"19:06:26";0,026;52,240;47,880;41,680;0,095;55,660;50,500;50,500;0,028;55,740;51,840;51,500
"18.03.2012";"19:11:25";0,024;52,000;47,700;41,560;0,094;55,440;50,380;50,320;0,028;55,540;51,720;51,340
"18.03.2012";"19:16:25";0,026;51,880;47,480;41,420;0,094;55,260;50,120;50,140;0,030;55,300;51,500;51,140
"18.03.2012";"19:21:26";0,024;51,680;47,380;41,280;0,094;55,060;50,020;50,000;0,028;55,160;51,340;50,940
"18.03.2012";"19:26:26";0,026;51,500;47,200;41,200;0,093;54,860;49,800;49,840;0,029;54,980;51,260;50,800
"18.03.2012";"19:31:26";0,026;51,340;47,060;41,060;0,094;54,700;49,640;49,640;0,029;54,740;51,000;50,620
"18.03.2012";"19:36:26";0,026;51,120;46,880;40,920;0,094;54,480;49,480;49,480;0,029;54,560;50,880;50,420
"18.03.2012";"19:41:26";0,024;50,960;46,700;40,780;0,095;54,280;49,340;49,300;0,028;54,380;50,720;50,280
"18.03.2012";"19:46:26";0,026;50,800;46,580;40,680;0,094;54,100;49,120;49,200;0,029;54,160;50,440;50,100
"18.03.2012";"19:51:26";0,026;50,600;46,400;43,540;0,095;53,860;48,220;49,000;0,029;54,000;49,980;50,100
"18.03.2012";"19:56:26";0,025;50,340;46,320;42,340;0,092;53,660;48,680;48,800;0,028;53,780;50,160;50,240
"18.03.2012";"20:01:26";0,025;50,220;46,240;41,600;0,093;53,480;48,600;48,680;0,028;53,560;50,040;50,120
"18.03.2012";"20:06:26";0,026;50,060;46,140;41,260;0,093;53,300;48,480;48,480;0,028;53,440;49,960;50,120
"18.03.2012";"20:11:26";0,026;49,940;46,080;40,960;0,093;53,120;48,340;48,340;0,028;53,220;49,820;49,980
"18.03.2012";"20:16:26";0,025;49,800;45,820;40,760;0,094;52,960;48,240;48,180;0,027;53,100;49,620;49,820
"18.03.2012";"20:21:26";0,024;49,580;45,700;40,500;0,094;52,800;48,060;48,040;0,028;52,900;49,420;49,560
"18.03.2012";"20:26:26";0,024;49,360;45,600;40,260;0,094;52,560;47,940;47,880;0,029;52,740;49,320;49,380
"18.03.2012";"20:31:26";0,026;49,220;45,420;40,080;0,095;52,360;47,760;47,740;0,029;52,540;49,120;49,160
"18.03.2012";"20:36:25";0,024;49,080;45,260;39,840;0,095;52,240;47,600;47,580;0,029;52,340;49,020;48,980
"18.03.2012";"20:41:25";0,025;48,900;45,020;39,660;0,094;52,020;47,440;47,400;0,029;52,140;48,780;48,780
"18.03.2012";"20:46:26";0,025;48,780;44,980;39,480;0,096;51,880;47,300;47,220;0,028;51,980;48,600;48,600
"18.03.2012";"20:51:26";0,026;48,600;44,820;39,300;0,096;51,700;47,160;47,100;0,027;51,860;48,420;48,380
"18.03.2012";"20:55:26";0,024;48,420;44,620;39,080;0,097;51,540;46,960;46,900;0,027;51,640;48,320;48,240
"18.03.2012";"21:00:25";0,025;48,320;44,480;39,060;0,097;51,380;46,860;46,820;0,027;51,520;48,100;48,100
"18.03.2012";"21:05:25";0,026;48,120;44,340;38,880;0,095;51,200;46,700;46,640;0,028;51,340;48,000;47,880
"18.03.2012";"21:09:26";0,025;48,040;44,240;38,740;0,096;51,020;46,480;46,540;0,028;51,180;47,860;47,780
"18.03.2012";"21:14:26";0,026;47,880;44,120;38,640;0,098;50,900;46,440;46,340;0,028;50,980;47,700;47,620
"18.03.2012";"21:19:25";0,026;47,740;43,920;38,500;0,095;50,700;46,220;46,220;0,028;50,880;47,560;47,400
"18.03.2012";"21:24:25";0,026;47,580;43,820;38,360;0,096;50,540;46,120;46,080;0,029;50,680;47,360;47,220
"18.03.2012";"21:29:25";0,025;47,400;43,660;38,260;0,097;50,380;45,920;45,920;0,028;50,540;47,220;47,100
"18.03.2012";"21:34:26";0,026;47,260;43,580;38,100;0,097;50,240;45,820;45,840;0,027;50,360;47,060;46,900
"18.03.2012";"21:39:26";0,026;47,100;43,400;37,980;0,098;50,060;45,660;45,600;0,028;50,200;47,000;46,700
"18.03.2012";"21:44:26";0,025;46,900;43,240;37,800;0,097;49,880;45,500;45,520;0,027;50,040;46,820;46,580
"18.03.2012";"21:49:26";0,025;46,800;43,100;37,680;0,098;49,720;45,340;45,360;0,028;49,860;46,640;46,440
"18.03.2012";"21:54:26";0,025;46,680;42,960;37,580;0,096;49,480;45,220;45,240;0,029;49,700;46,520;46,260
"18.03.2012";"21:59:26";0,027;46,480;42,760;37,500;0,097;49,340;45,120;45,060;0,029;49,480;46,340;46,140
"18.03.2012";"22:04:26";0,027;46,320;42,700;37,300;0,097;49,120;44,920;44,940;0,028;49,320;46,200;45,980
"18.03.2012";"22:09:26";0,026;46,200;42,580;37,200;0,096;49,020;44,800;44,760;0,027;49,140;46,100;45,840
"18.03.2012";"22:14:26";0,026;46,080;42,460;37,120;0,097;48,820;44,620;44,600;0,029;48,980;45,880;45,640
"18.03.2012";"22:19:25";0,026;45,900;42,320;36,980;0,098;48,700;44,500;44,460;0,028;48,780;45,740;45,500
"18.03.2012";"22:24:25";0,025;45,780;42,080;36,880;0,097;48,520;44,300;44,320;0,030;48,660;45,640;45,320
"18.03.2012";"22:29:26";0,025;45,620;42,040;36,720;0,098;48,320;44,240;44,220;0,026;48,540;45,500;45,240
"18.03.2012";"22:34:26";0,026;45,480;41,980;36,680;0,096;48,180;44,120;44,060;0,030;48,340;45,360;45,080
"18.03.2012";"22:38:26";0,025;45,320;41,820;36,600;0,097;48,060;43,940;43,980;0,028;48,200;45,220;44,920
"18.03.2012";"22:43:25";0,026;45,200;41,700;36,500;0,098;47,920;43,860;43,840;0,029;48,080;45,100;44,800
"18.03.2012";"22:48:25";0,026;45,040;41,580;36,380;0,098;47,760;43,680;43,700;0,028;47,880;44,940;44,660
"18.03.2012";"22:52:26";0,026;44,900;41,520;36,200;0,098;47,620;43,600;43,620;0,028;47,720;44,860;44,520
"18.03.2012";"22:57:26";0,026;44,780;41,420;36,180;0,096;47,500;43,440;43,480;0,028;47,660;44,700;44,420
"18.03.2012";"23:02:25";0,025;44,640;41,200;36,120;0,099;47,340;43,340;43,340;0,028;47,520;44,600;44,280
"18.03.2012";"23:07:25";0,026;44,500;41,140;35,960;0,098;47,180;43,180;43,160;0,028;47,340;44,520;44,160
"18.03.2012";"23:12:25";0,025;44,340;41,060;35,920;0,098;47,080;43,060;43,060;0,027;47,240;44,360;43,980
"18.03.2012";"23:17:26";0,026;44,260;40,920;35,820;0,097;46,920;42,960;42,920;0,028;47,020;44,160;43,900
"18.03.2012";"23:22:26";0,026;44,120;40,780;35,660;0,097;46,720;42,760;42,780;0,028;46,880;44,100;43,700
"18.03.2012";"23:27:26";0,026;44,000;40,680;35,580;0,098;46,580;42,680;42,680;0,028;46,740;43,880;43,620
"18.03.2012";"23:32:26";0,025;43,840;40,580;35,460;0,098;46,460;42,500;42,540;0,028;46,560;43,840;43,440
"18.03.2012";"23:37:26";0,026;43,700;40,520;35,320;0,098;46,300;42,400;42,400;0,027;46,440;43,720;43,340
"18.03.2012";"23:42:26";0,027;43,600;40,340;35,260;0,098;46,140;42,280;42,320;0,028;46,280;43,520;43,220
"18.03.2012";"23:47:26";0,026;43,420;40,220;35,200;0,099;46,040;42,200;42,140;0,027;46,140;43,340;43,080
"18.03.2012";"23:52:26";0,025;43,300;40,100;35,060;0,096;45,880;42,000;42,040;0,028;46,040;43,280;42,940
"18.03.2012";"23:57:26";0,024;43,180;40,000;34,960;0,097;45,720;41,980;41,940;0,026;45,880;43,140;42,800
"19.03.2012";"00:02:25";0,025;43,040;39,880;34,940;0,098;45,560;41,840;41,840;0,028;45,700;43,000;42,700
"19.03.2012";"00:07:25";0,025;42,940;39,800;34,840;0,099;45,460;41,660;41,700;0,027;45,600;43,020;42,540
"19.03.2012";"00:11:26";0,027;42,780;39,740;34,700;0,098;45,300;41,600;41,620;0,027;45,480;42,820;42,440
"19.03.2012";"00:16:26";0,025;42,680;39,560;34,660;0,098;45,200;41,500;41,520;0,027;45,360;42,720;42,360
"19.03.2012";"00:21:25";0,026;42,540;39,460;34,520;0,097;45,020;41,400;41,420;0,028;45,220;42,600;42,240
"19.03.2012";"00:25:26";0,025;42,420;39,360;34,420;0,098;44,940;41,320;41,320;0,028;45,080;42,500;42,120
"19.03.2012";"00:30:26";0,024;42,360;39,320;34,340;0,097;44,760;41,140;41,160;0,028;44,940;42,360;42,020
"19.03.2012";"00:35:26";0,025;42,240;39,200;34,240;0,098;44,640;41,060;41,060;0,027;44,820;42,260;41,920
"19.03.2012";"00:40:26";0,027;42,060;39,060;34,180;0,098;44,520;41,000;41,020;0,027;44,660;42,100;41,800
"19.03.2012";"00:45:25";0,024;41,960;38,940;34,140;0,098;44,360;40,820;40,860;0,028;44,540;42,020;41,660
"19.03.2012";"00:50:25";0,027;41,880;38,860;34,060;0,099;44,260;40,700;40,740;0,027;44,400;41,960;41,580
"19.03.2012";"00:55:25";0,026;41,680;38,700;33,940;0,097;44,100;40,660;40,620;0,028;44,260;41,800;41,460
"19.03.2012";"01:00:26";0,026;41,620;38,640;33,820;0,098;43,980;40,540;40,540;0,028;44,140;41,760;41,360
"19.03.2012";"01:05:26";0,027;41,520;38,520;33,720;0,098;43,900;40,440;40,420;0,028;44,000;41,600;41,240
"19.03.2012";"01:10:26";0,025;41,400;38,380;33,700;0,098;43,700;40,280;40,340;0,028;43,880;41,500;41,120
"19.03.2012";"01:15:26";0,025;41,260;38,320;33,580;0,098;43,620;40,180;40,240;0,027;43,740;41,460;41,000
"19.03.2012";"01:20:26";0,025;41,180;38,260;33,500;0,099;43,460;40,120;40,100;0,027;43,640;41,340;40,900
"19.03.2012";"01:25:26";0,026;41,060;38,100;33,440;0,097;43,360;39,960;40,000;0,028;43,500;41,180;40,780
"19.03.2012";"01:30:26";0,025;40,980;38,020;33,340;0,098;43,240;39,880;39,880;0,026;43,360;41,100;40,660
"19.03.2012";"01:35:26";0,026;40,800;37,900;33,300;0,097;43,060;39,740;39,720;0,027;43,240;40,960;40,580
"19.03.2012";"01:40:26";0,026;40,740;37,760;33,140;0,100;42,940;39,620;39,640;0,027;43,100;40,900;40,480
"19.03.2012";"01:45:25";0,025;40,640;37,740;33,080;0,098;42,780;39,520;39,540;0,027;43,000;40,760;40,340
"19.03.2012";"01:50:25";0,027;40,520;37,600;32,980;0,098;42,700;39,440;39,420;0,027;42,860;40,680;40,260
"19.03.2012";"01:54:26";0,025;40,420;37,460;32,940;0,098;42,560;39,340;39,320;0,028;42,720;40,600;40,160
"19.03.2012";"01:59:26";0,025;40,300;37,400;32,860;0,098;42,420;39,240;39,240;0,029;42,680;40,540;40,100
"19.03.2012";"02:04:25";0,026;40,200;37,340;32,840;0,098;42,360;39,100;39,100;0,029;42,500;40,400;39,940
"19.03.2012";"02:08:26";0,024;40,100;37,220;32,760;0,098;42,240;39,020;39,040;0,028;42,440;40,320;39,860
"19.03.2012";"02:13:26";0,026;39,980;37,140;32,660;0,098;42,120;38,980;38,940;0,026;42,340;40,180;39,760
"19.03.2012";"02:18:26";0,027;39,900;37,120;32,560;0,098;42,000;38,800;38,820;0,028;42,180;40,100;39,660
"19.03.2012";"02:23:26";0,026;39,840;36,960;32,520;0,097;41,920;38,740;38,720;0,028;42,060;40,000;39,560
"19.03.2012";"02:28:25";0,025;39,620;36,840;32,420;0,098;41,780;38,600;38,600;0,028;41,960;39,940;39,420
"19.03.2012";"02:33:25";0,025;39,580;36,780;32,340;0,099;41,660;38,520;38,540;0,028;41,840;39,760;39,340
"19.03.2012";"02:38:25";0,024;39,440;36,740;32,260;0,099;41,560;38,440;38,420;0,027;41,720;39,660;39,240
"19.03.2012";"02:43:26";0,026;39,340;36,600;32,160;0,097;41,480;38,340;38,320;0,027;41,620;39,640;39,100
"19.03.2012";"02:48:26";0,027;39,280;36,520;32,060;0,098;41,400;38,260;38,220;0,028;41,500;39,420;39,020
"19.03.2012";"02:53:26";0,025;39,100;36,460;31,980;0,099;41,260;38,120;38,120;0,027;41,400;39,360;38,900
"19.03.2012";"02:58:26";0,024;39,000;36,320;31,900;0,098;41,120;38,000;38,040;0,027;41,280;39,300;38,820
"19.03.2012";"03:03:26";0,026;38,900;36,200;31,880;0,100;41,040;37,920;37,960;0,026;41,180;39,180;38,700
"19.03.2012";"03:08:26";0,025;38,820;36,120;31,760;0,097;40,920;37,820;37,780;0,028;41,100;39,080;38,660
"19.03.2012";"03:13:26";0,025;38,720;36,060;31,740;0,099;40,780;37,720;37,740;0,027;40,980;39,040;38,580
"19.03.2012";"03:18:26";0,025;38,660;35,940;31,640;0,098;40,700;37,600;37,660;0,027;40,820;38,940;38,420
"19.03.2012";"03:23:26";0,025;38,500;35,860;31,540;0,097;40,580;37,520;37,500;0,027;40,720;38,820;38,320
"19.03.2012";"03:28:25";0,025;38,400;35,760;31,480;0,098;40,480;37,400;37,460;0,028;40,620;38,720;38,200
"19.03.2012";"03:33:25";0,026;38,320;35,660;31,420;0,098;40,400;37,340;37,360;0,027;40,560;38,600;38,140
"19.03.2012";"03:37:26";0,026;38,200;35,560;31,380;0,099;40,260;37,200;37,220;0,028;40,460;38,580;38,060
"19.03.2012";"03:42:26";0,027;38,120;35,520;31,260;0,098;40,160;37,180;37,140;0,027;40,360;38,500;37,960
"19.03.2012";"03:47:25";0,026;38,040;35,440;31,220;0,100;40,040;37,100;37,060;0,025;40,220;38,400;37,860
"19.03.2012";"03:51:26";0,024;37,960;35,360;31,160;0,098;39,980;37,000;36,960;0,028;40,160;38,300;37,780
"19.03.2012";"03:56:26";0,025;37,840;35,300;31,140;0,099;39,880;36,880;36,900;0,027;40,040;38,180;37,680
"19.03.2012";"04:01:26";0,025;37,780;35,220;31,020;0,098;39,740;36,840;36,820;0,028;39,940;38,140;37,580
"19.03.2012";"04:06:26";0,025;37,680;35,100;30,960;0,097;39,640;36,720;36,720;0,028;39,840;38,060;37,540
"19.03.2012";"04:11:25";0,026;37,580;35,000;30,900;0,099;39,560;36,660;36,680;0,028;39,700;37,960;37,420
"19.03.2012";"04:16:25";0,027;37,440;34,940;30,780;0,099;39,440;36,520;36,540;0,028;39,620;37,920;37,300
"19.03.2012";"04:21:25";0,026;37,400;34,880;30,740;0,099;39,320;36,440;36,480;0,027;39,540;37,780;37,220
"19.03.2012";"04:26:26";0,027;37,300;34,820;30,700;0,097;39,240;36,360;36,380;0,028;39,400;37,720;37,120
"19.03.2012";"04:31:26";0,026;37,180;34,680;30,640;0,099;39,100;36,200;36,260;0,029;39,320;37,600;37,020
"19.03.2012";"04:36:26";0,027;37,080;34,620;30,600;0,099;39,020;36,220;36,200;0,028;39,200;37,460;36,920
"19.03.2012";"04:41:26";0,025;37,000;34,580;30,500;0,098;38,920;36,120;36,140;0,027;39,100;37,420;36,880
"19.03.2012";"04:46:26";0,024;36,900;34,500;30,460;0,098;38,780;36,040;36,060;0,027;38,980;37,360;36,780
"19.03.2012";"04:51:26";0,025;36,820;34,420;30,360;0,098;38,700;35,960;35,920;0,028;38,840;37,260;36,720
"19.03.2012";"04:56:26";0,027;36,740;34,300;30,360;0,098;38,640;35,840;35,840;0,029;38,780;37,140;36,640
"19.03.2012";"05:01:26";0,026;36,600;34,260;30,220;0,098;38,520;35,780;35,760;0,027;38,700;37,080;36,480
"19.03.2012";"05:06:26";0,024;36,500;34,140;30,180;0,097;38,420;35,640;35,660;0,029;38,640;36,940;36,420
"19.03.2012";"05:11:25";0,024;36,440;34,040;30,160;0,097;38,340;35,600;35,580;0,028;38,460;36,880;36,380
"19.03.2012";"05:16:25";0,026;36,380;34,000;30,080;0,099;38,220;35,520;35,500;0,027;38,400;36,760;36,280
"19.03.2012";"05:20:26";0,025;36,280;33,920;30,040;0,098;38,120;35,460;35,440;0,027;38,300;36,740;36,160
"19.03.2012";"05:25:26";0,025;36,180;33,880;29,960;0,099;38,060;35,340;35,320;0,028;38,200;36,700;36,100
"19.03.2012";"05:30:25";0,026;36,140;33,780;29,880;0,099;37,900;35,260;35,240;0,029;38,120;36,560;35,960
"19.03.2012";"05:34:26";0,026;36,020;33,700;29,880;0,100;37,840;35,220;35,200;0,026;38,040;36,540;35,940
"19.03.2012";"05:39:26";0,026;35,920;33,640;29,800;0,098;37,740;35,140;35,080;0,027;37,940;36,480;35,840
"19.03.2012";"05:44:26";0,025;35,880;33,580;29,760;0,098;37,700;35,000;35,020;0,028;37,780;36,360;35,780
"19.03.2012";"05:49:26";0,026;35,780;33,480;29,700;0,100;37,540;34,960;34,900;0,027;37,800;36,320;35,680
"19.03.2012";"05:54:25";0,025;35,700;33,420;29,660;0,100;37,460;34,880;34,840;0,027;37,660;36,200;35,600
"19.03.2012";"05:59:25";0,025;35,560;33,320;29,580;0,100;37,360;34,760;34,800;0,027;37,560;36,100;35,540
"19.03.2012";"06:04:25";0,025;35,500;33,280;29,540;0,100;37,320;34,700;34,720;0,028;37,460;36,020;35,480
"19.03.2012";"06:09:26";0,027;35,400;33,240;29,500;0,101;37,160;34,640;34,560;0,029;37,340;35,920;35,340
"19.03.2012";"06:14:26";0,026;35,300;33,100;29,480;0,102;37,060;34,540;34,520;0,028;37,280;35,860;35,280
"19.03.2012";"06:19:26";0,026;35,260;33,060;29,480;0,103;36,980;34,460;34,460;0,027;37,160;35,820;35,200
"19.03.2012";"06:24:26";0,027;35,160;32,960;29,420;0,102;36,880;34,380;34,380;0,031;37,080;35,640;35,080
"19.03.2012";"06:29:26";0,027;35,080;32,960;29,400;0,103;36,780;34,340;34,260;0,028;36,980;35,600;35,000
"19.03.2012";"06:34:26";0,027;35,020;32,900;29,300;0,103;36,740;34,260;34,200;0,028;36,900;35,520;34,920
"19.03.2012";"06:39:26";0,028;34,920;32,860;29,300;0,103;36,660;34,180;34,120;0,028;36,780;35,500;34,900
"19.03.2012";"06:44:26";0,027;34,820;32,740;29,300;0,103;36,560;34,020;34,040;0,027;36,740;35,380;34,820
"19.03.2012";"06:49:26";0,027;34,780;32,660;29,280;0,103;36,480;34,020;33,960;0,028;36,700;35,260;34,640
"19.03.2012";"06:54:25";0,025;34,680;32,640;29,220;0,102;36,380;33,920;33,920;0,028;36,580;35,220;34,620
"19.03.2012";"06:59:25";0,025;34,560;32,480;29,180;0,102;36,280;33,860;33,880;0,027;36,500;35,200;34,580
"19.03.2012";"07:03:26";0,023;34,520;29,000;27,160;0,041;36,180;31,120;33,740;0,022;36,420;31,940;34,520
"19.03.2012";"07:08:26";0,020;34,200;25,860;23,620;0,030;35,860;27,400;33,560;0,018;36,000;27,740;34,320
"19.03.2012";"07:13:25";0,021;33,600;24,820;21,320;0,027;35,380;26,260;33,180;0,018;35,380;26,540;33,700
"19.03.2012";"07:17:26";0,028;33,160;24,360;20,400;0,027;34,900;25,700;32,840;0,019;34,920;26,020;33,420
"19.03.2012";"07:22:26";0,019;32,640;24,140;19,940;0,026;34,380;25,160;32,520;0,018;34,340;25,820;32,980
"19.03.2012";"07:27:26";0,018;32,160;23,600;18,960;0,027;33,960;24,740;32,100;0,018;33,820;25,160;32,620
"19.03.2012";"07:32:26";0,020;31,660;23,020;18,480;0,025;33,380;24,120;31,600;0,012;33,240;25,080;32,280
"19.03.2012";"07:37:25";0,019;31,160;22,540;18,660;0,025;32,940;23,840;31,100;0,010;32,820;24,720;31,880
"19.03.2012";"07:42:25";0,017;30,780;22,060;19,480;0,027;32,460;23,680;30,700;0,010;32,320;25,240;31,520
"19.03.2012";"07:47:25";0,020;30,340;21,920;19,880;0,026;31,980;23,520;30,320;0,012;31,860;25,080;31,220
"19.03.2012";"07:52:26";0,019;30,020;21,780;20,140;0,028;31,580;23,700;30,060;0,009;31,540;25,160;30,940
"19.03.2012";"07:57:26";0,018;29,660;22,080;20,340;0,026;31,200;23,560;29,880;0,012;31,220;25,000;30,700
"19.03.2012";"08:02:26";0,020;29,340;22,780;20,760;0,026;30,900;24,000;29,540;0,012;30,860;24,820;30,440
"19.03.2012";"08:07:26";0,019;29,120;22,960;21,000;0,027;30,580;24,120;29,400;0,012;30,580;24,860;30,260
"19.03.2012";"08:12:26";0,019;28,880;23,140;21,100;0,026;30,320;23,980;29,260;0,011;30,260;25,040;29,960
"19.03.2012";"08:17:26";0,021;28,640;23,120;21,240;0,027;30,100;24,020;29,040;0,012;30,060;24,960;29,800
"19.03.2012";"08:22:26";0,021;28,440;23,020;21,300;0,027;29,840;23,980;28,780;0,011;29,780;24,900;29,540
"19.03.2012";"08:27:26";0,022;28,180;23,060;21,420;0,027;29,580;23,980;28,560;0,012;29,520;24,880;29,320
"19.03.2012";"08:32:26";0,020;27,980;23,240;21,460;0,027;29,340;23,820;28,380;0,013;29,320;24,920;29,140
"19.03.2012";"08:37:25";0,019;27,800;23,160;21,460;0,027;29,180;23,840;28,140;0,013;29,100;24,920;28,920
"19.03.2012";"08:42:25";0,019;27,720;23,120;21,520;0,027;28,860;23,860;27,980;0,013;28,880;24,940;28,700
"19.03.2012";"08:46:26";0,020;27,520;23,140;21,600;0,026;28,720;23,840;27,780;0,013;28,720;24,840;28,440
"19.03.2012";"08:51:26";0,021;27,400;23,000;21,640;0,028;28,520;23,840;27,660;0,012;28,480;24,860;28,260
"19.03.2012";"08:56:25";0,019;27,260;23,000;21,680;0,027;28,360;23,800;27,440;0,013;28,340;24,800;28,060
"19.03.2012";"09:00:26";0,019;27,140;23,080;21,700;0,027;28,200;23,680;27,320;0,012;28,180;24,860;27,960
"19.03.2012";"09:05:26";0,020;27,020;23,020;21,720;0,026;28,040;23,580;27,200;0,013;28,040;24,680;27,780
"19.03.2012";"09:10:26";0,020;26,820;22,920;21,700;0,027;27,820;23,580;27,060;0,012;27,900;24,760;27,640
"";"09:14:26";0,021;26,760;23,040;21,700;0,027;27,720;23,560;26,900;0,015;27,760;24,640;27,440
